STATE,YEAR,ELEMENT,STATE_LEVEL3,STATE_LEVEL2,STATE_LEVEL1,PRICE TYPE,BASE PERIOD,UNIT,VALUE in ACTUALS,ABSOLUTE CHANGE in ACTUALS,ABSOLUTE CHANGE FROM A YEAR AGO in ACTUALS,% CHANGE,% CHANGE FROM A YEAR AGO,v_2013,v_2024,n_years,CAGR(%),perc_change_2013_2024
Puducherry,2013,Per Capita Net State Domestic Product at Factor Cost-(PER_CAP_NET_SDP_RN),NA,All India,Union Territories,Current Price,Base Year : 2011-12,Indian rupee,130548,10899,10899,9.11,9.11,130548,262166,11,6.543713906,100.8196219
Puducherry,2014,Per Capita Net State Domestic Product at Factor Cost-(PER_CAP_NET_SDP_RN),NA,All India,Union Territories,Current Price,Base Year : 2011-12,Indian rupee,148147,17599,17599,13.48,13.48,130548,262166,11,6.543713906,100.8196219
Puducherry,2015,Per Capita Net State Domestic Product at Factor Cost-(PER_CAP_NET_SDP_RN),NA,All India,Union Territories,Current Price,Base Year : 2011-12,Indian rupee,146921,-1226,-1226,-0.83,-0.83,130548,262166,11,6.543713906,100.8196219
Puducherry,2016,Per Capita Net State Domestic Product at Factor Cost-(PER_CAP_NET_SDP_RN),NA,All India,Union Territories,Current Price,Base Year : 2011-12,Indian rupee,172727,25806,25806,17.56,17.56,130548,262166,11,6.543713906,100.8196219
Puducherry,2017,Per Capita Net State Domestic Product at Factor Cost-(PER_CAP_NET_SDP_RN),NA,All India,Union Territories,Current Price,Base Year : 2011-12,Indian rupee,187356,14629,14629,8.47,8.47,130548,262166,11,6.543713906,100.8196219
Puducherry,2018,Per Capita Net State Domestic Product at Factor Cost-(PER_CAP_NET_SDP_RN),NA,All India,Union Territories,Current Price,Base Year : 2011-12,Indian rupee,198358,11002,11002,5.87,5.87,130548,262166,11,6.543713906,100.8196219
Puducherry,2019,Per Capita Net State Domestic Product at Factor Cost-(PER_CAP_NET_SDP_RN),NA,All India,Union Territories,Current Price,Base Year : 2011-12,Indian rupee,204140,5782,5782,2.91,2.91,130548,262166,11,6.543713906,100.8196219
Puducherry,2020,Per Capita Net State Domestic Product at Factor Cost-(PER_CAP_NET_SDP_RN),NA,All India,Union Territories,Current Price,Base Year : 2011-12,Indian rupee,217937,13797,13797,6.76,6.76,130548,262166,11,6.543713906,100.8196219
Puducherry,2021,Per Capita Net State Domestic Product at Factor Cost-(PER_CAP_NET_SDP_RN),NA,All India,Union Territories,Current Price,Base Year : 2011-12,Indian rupee,208862,-9075,-9075,-4.16,-4.16,130548,262166,11,6.543713906,100.8196219
Puducherry,2022,Per Capita Net State Domestic Product at Factor Cost-(PER_CAP_NET_SDP_RN),NA,All India,Union Territories,Current Price,Base Year : 2011-12,Indian rupee,231557,22695,22695,10.87,10.87,130548,262166,11,6.543713906,100.8196219
Puducherry,2023,Per Capita Net State Domestic Product at Factor Cost-(PER_CAP_NET_SDP_RN),NA,All India,Union Territories,Current Price,Base Year : 2011-12,Indian rupee,245180,13623,13623,5.88,5.88,130548,262166,11,6.543713906,100.8196219
Puducherry,2024,Per Capita Net State Domestic Product at Factor Cost-(PER_CAP_NET_SDP_RN),NA,All India,Union Territories,Current Price,Base Year : 2011-12,Indian rupee,262166,16986,16986,6.93,6.93,130548,262166,11,6.543713906,100.8196219
Punjab,2013,Per Capita Net State Domestic Product at Factor Cost-(PER_CAP_NET_SDP_RN),All India,All States,Northern Region,Current Price,Base Year : 2011-12,Indian rupee,94318,8741,8741,10.21,10.21,94318,196505,11,6.900542978,108.3430522
Punjab,2014,Per Capita Net State Domestic Product at Factor Cost-(PER_CAP_NET_SDP_RN),All India,All States,Northern Region,Current Price,Base Year : 2011-12,Indian rupee,103831,9513,9513,10.09,10.09,94318,196505,11,6.900542978,108.3430522
Punjab,2015,Per Capita Net State Domestic Product at Factor Cost-(PER_CAP_NET_SDP_RN),All India,All States,Northern Region,Current Price,Base Year : 2011-12,Indian rupee,108970,5139,5139,4.95,4.95,94318,196505,11,6.900542978,108.3430522
Punjab,2016,Per Capita Net State Domestic Product at Factor Cost-(PER_CAP_NET_SDP_RN),All India,All States,Northern Region,Current Price,Base Year : 2011-12,Indian rupee,118858,9888,9888,9.07,9.07,94318,196505,11,6.900542978,108.3430522
Punjab,2017,Per Capita Net State Domestic Product at Factor Cost-(PER_CAP_NET_SDP_RN),All India,All States,Northern Region,Current Price,Base Year : 2011-12,Indian rupee,128780,9922,9922,8.35,8.35,94318,196505,11,6.900542978,108.3430522
Punjab,2018,Per Capita Net State Domestic Product at Factor Cost-(PER_CAP_NET_SDP_RN),All India,All States,Northern Region,Current Price,Base Year : 2011-12,Indian rupee,139835,11055,11055,8.58,8.58,94318,196505,11,6.900542978,108.3430522
Punjab,2019,Per Capita Net State Domestic Product at Factor Cost-(PER_CAP_NET_SDP_RN),All India,All States,Northern Region,Current Price,Base Year : 2011-12,Indian rupee,149974,10139,10139,7.25,7.25,94318,196505,11,6.900542978,108.3430522
Punjab,2020,Per Capita Net State Domestic Product at Factor Cost-(PER_CAP_NET_SDP_RN),All India,All States,Northern Region,Current Price,Base Year : 2011-12,Indian rupee,154385,4411,4411,2.94,2.94,94318,196505,11,6.900542978,108.3430522
Punjab,2021,Per Capita Net State Domestic Product at Factor Cost-(PER_CAP_NET_SDP_RN),All India,All States,Northern Region,Current Price,Base Year : 2011-12,Indian rupee,150620,-3765,-3765,-2.44,-2.44,94318,196505,11,6.900542978,108.3430522
Punjab,2022,Per Capita Net State Domestic Product at Factor Cost-(PER_CAP_NET_SDP_RN),All India,All States,Northern Region,Current Price,Base Year : 2011-12,Indian rupee,170276,19656,19656,13.05,13.05,94318,196505,11,6.900542978,108.3430522
Punjab,2023,Per Capita Net State Domestic Product at Factor Cost-(PER_CAP_NET_SDP_RN),All India,All States,Northern Region,Current Price,Base Year : 2011-12,Indian rupee,181678,11402,11402,6.7,6.7,94318,196505,11,6.900542978,108.3430522
Punjab,2024,Per Capita Net State Domestic Product at Factor Cost-(PER_CAP_NET_SDP_RN),All India,All States,Northern Region,Current Price,Base Year : 2011-12,Indian rupee,196505,14827,14827,8.16,8.16,94318,196505,11,6.900542978,108.3430522
Goa,2013,Per Capita Net State Domestic Product at Factor Cost-(PER_CAP_NET_SDP_RN),All India,All States,Western Region,Current Price,Base Year : 2011-12,Indian rupee,234354,-25090,-25090,-9.67,-9.67,234354,492648,11,6.987520609,110.2153153
Goa,2014,Per Capita Net State Domestic Product at Factor Cost-(PER_CAP_NET_SDP_RN),All India,All States,Western Region,Current Price,Base Year : 2011-12,Indian rupee,215776,-18578,-18578,-7.93,-7.93,234354,492648,11,6.987520609,110.2153153
Goa,2015,Per Capita Net State Domestic Product at Factor Cost-(PER_CAP_NET_SDP_RN),All India,All States,Western Region,Current Price,Base Year : 2011-12,Indian rupee,289185,73409,73409,34.02,34.02,234354,492648,11,6.987520609,110.2153153
Goa,2016,Per Capita Net State Domestic Product at Factor Cost-(PER_CAP_NET_SDP_RN),All India,All States,Western Region,Current Price,Base Year : 2011-12,Indian rupee,334576,45391,45391,15.7,15.7,234354,492648,11,6.987520609,110.2153153
Goa,2017,Per Capita Net State Domestic Product at Factor Cost-(PER_CAP_NET_SDP_RN),All India,All States,Western Region,Current Price,Base Year : 2011-12,Indian rupee,378953,44377,44377,13.26,13.26,234354,492648,11,6.987520609,110.2153153
Goa,2018,Per Capita Net State Domestic Product at Factor Cost-(PER_CAP_NET_SDP_RN),All India,All States,Western Region,Current Price,Base Year : 2011-12,Indian rupee,411740,32787,32787,8.65,8.65,234354,492648,11,6.987520609,110.2153153
Goa,2019,Per Capita Net State Domestic Product at Factor Cost-(PER_CAP_NET_SDP_RN),All India,All States,Western Region,Current Price,Base Year : 2011-12,Indian rupee,423716,11976,11976,2.91,2.91,234354,492648,11,6.987520609,110.2153153
Goa,2020,Per Capita Net State Domestic Product at Factor Cost-(PER_CAP_NET_SDP_RN),All India,All States,Western Region,Current Price,Base Year : 2011-12,Indian rupee,435949,12233,12233,2.89,2.89,234354,492648,11,6.987520609,110.2153153
Goa,2021,Per Capita Net State Domestic Product at Factor Cost-(PER_CAP_NET_SDP_RN),All India,All States,Western Region,Current Price,Base Year : 2011-12,Indian rupee,423047,-12902,-12902,-2.96,-2.96,234354,492648,11,6.987520609,110.2153153
Goa,2022,Per Capita Net State Domestic Product at Factor Cost-(PER_CAP_NET_SDP_RN),All India,All States,Western Region,Current Price,Base Year : 2011-12,Indian rupee,459094,36047,36047,8.52,8.52,234354,492648,11,6.987520609,110.2153153
Goa,2023,Per Capita Net State Domestic Product at Factor Cost-(PER_CAP_NET_SDP_RN),All India,All States,Western Region,Current Price,Base Year : 2011-12,Indian rupee,492648,33554,33554,7.31,7.31,234354,492648,11,6.987520609,110.2153153
Goa,2024,Per Capita Net State Domestic Product at Factor Cost-(PER_CAP_NET_SDP_RN),All India,All States,Western Region,Current Price,Base Year : 2011-12,Indian rupee,492648,33554,33554,7.31,7.31,234354,492648,11,6.987520609,110.2153153
Meghalaya,2013,Per Capita Net State Domestic Product at Factor Cost-(PER_CAP_NET_SDP_RN),All India,All States,North Eastern Region,Current Price,Base Year : 2011-12,Indian rupee,64477,4683,4683,7.83,7.83,64477,136948,11,7.088044554,112.3982195
Meghalaya,2014,Per Capita Net State Domestic Product at Factor Cost-(PER_CAP_NET_SDP_RN),All India,All States,North Eastern Region,Current Price,Base Year : 2011-12,Indian rupee,66281,1804,1804,2.8,2.8,64477,136948,11,7.088044554,112.3982195
Meghalaya,2015,Per Capita Net State Domestic Product at Factor Cost-(PER_CAP_NET_SDP_RN),All India,All States,North Eastern Region,Current Price,Base Year : 2011-12,Indian rupee,66485,204,204,0.31,0.31,64477,136948,11,7.088044554,112.3982195
Meghalaya,2016,Per Capita Net State Domestic Product at Factor Cost-(PER_CAP_NET_SDP_RN),All India,All States,North Eastern Region,Current Price,Base Year : 2011-12,Indian rupee,71594,5109,5109,7.68,7.68,64477,136948,11,7.088044554,112.3982195
Meghalaya,2017,Per Capita Net State Domestic Product at Factor Cost-(PER_CAP_NET_SDP_RN),All India,All States,North Eastern Region,Current Price,Base Year : 2011-12,Indian rupee,77585,5991,5991,8.37,8.37,64477,136948,11,7.088044554,112.3982195
Meghalaya,2018,Per Capita Net State Domestic Product at Factor Cost-(PER_CAP_NET_SDP_RN),All India,All States,North Eastern Region,Current Price,Base Year : 2011-12,Indian rupee,82457,4872,4872,6.28,6.28,64477,136948,11,7.088044554,112.3982195
Meghalaya,2019,Per Capita Net State Domestic Product at Factor Cost-(PER_CAP_NET_SDP_RN),All India,All States,North Eastern Region,Current Price,Base Year : 2011-12,Indian rupee,88954,6497,6497,7.88,7.88,64477,136948,11,7.088044554,112.3982195
Meghalaya,2020,Per Capita Net State Domestic Product at Factor Cost-(PER_CAP_NET_SDP_RN),All India,All States,North Eastern Region,Current Price,Base Year : 2011-12,Indian rupee,95422,6468,6468,7.27,7.27,64477,136948,11,7.088044554,112.3982195
Meghalaya,2021,Per Capita Net State Domestic Product at Factor Cost-(PER_CAP_NET_SDP_RN),All India,All States,North Eastern Region,Current Price,Base Year : 2011-12,Indian rupee,90751,-4671,-4671,-4.9,-4.9,64477,136948,11,7.088044554,112.3982195
Meghalaya,2022,Per Capita Net State Domestic Product at Factor Cost-(PER_CAP_NET_SDP_RN),All India,All States,North Eastern Region,Current Price,Base Year : 2011-12,Indian rupee,107971,17220,17220,18.97,18.97,64477,136948,11,7.088044554,112.3982195
Meghalaya,2023,Per Capita Net State Domestic Product at Factor Cost-(PER_CAP_NET_SDP_RN),All India,All States,North Eastern Region,Current Price,Base Year : 2011-12,Indian rupee,123896,15925,15925,14.75,14.75,64477,136948,11,7.088044554,112.3982195
Meghalaya,2024,Per Capita Net State Domestic Product at Factor Cost-(PER_CAP_NET_SDP_RN),All India,All States,North Eastern Region,Current Price,Base Year : 2011-12,Indian rupee,136948,13052,13052,10.53,10.53,64477,136948,11,7.088044554,112.3982195
Chandigarh,2013,Per Capita Net State Domestic Product at Factor Cost-(PER_CAP_NET_SDP_RN),NA,All India,Union Territories,Current Price,Base Year : 2011-12,Indian rupee,180457,21490,21490,13.52,13.52,180457,399654,11,7.495889407,121.4677181
Chandigarh,2014,Per Capita Net State Domestic Product at Factor Cost-(PER_CAP_NET_SDP_RN),NA,All India,Union Territories,Current Price,Base Year : 2011-12,Indian rupee,203356,22899,22899,12.69,12.69,180457,399654,11,7.495889407,121.4677181
Chandigarh,2015,Per Capita Net State Domestic Product at Factor Cost-(PER_CAP_NET_SDP_RN),NA,All India,Union Territories,Current Price,Base Year : 2011-12,Indian rupee,212594,9238,9238,4.54,4.54,180457,399654,11,7.495889407,121.4677181
Chandigarh,2016,Per Capita Net State Domestic Product at Factor Cost-(PER_CAP_NET_SDP_RN),NA,All India,Union Territories,Current Price,Base Year : 2011-12,Indian rupee,230009,17415,17415,8.19,8.19,180457,399654,11,7.495889407,121.4677181
Chandigarh,2017,Per Capita Net State Domestic Product at Factor Cost-(PER_CAP_NET_SDP_RN),NA,All India,Union Territories,Current Price,Base Year : 2011-12,Indian rupee,252236,22227,22227,9.66,9.66,180457,399654,11,7.495889407,121.4677181
Chandigarh,2018,Per Capita Net State Domestic Product at Factor Cost-(PER_CAP_NET_SDP_RN),NA,All India,Union Territories,Current Price,Base Year : 2011-12,Indian rupee,280512,28276,28276,11.21,11.21,180457,399654,11,7.495889407,121.4677181
Chandigarh,2019,Per Capita Net State Domestic Product at Factor Cost-(PER_CAP_NET_SDP_RN),NA,All India,Union Territories,Current Price,Base Year : 2011-12,Indian rupee,307812,27300,27300,9.73,9.73,180457,399654,11,7.495889407,121.4677181
Chandigarh,2020,Per Capita Net State Domestic Product at Factor Cost-(PER_CAP_NET_SDP_RN),NA,All India,Union Territories,Current Price,Base Year : 2011-12,Indian rupee,330703,22891,22891,7.44,7.44,180457,399654,11,7.495889407,121.4677181
Chandigarh,2021,Per Capita Net State Domestic Product at Factor Cost-(PER_CAP_NET_SDP_RN),NA,All India,Union Territories,Current Price,Base Year : 2011-12,Indian rupee,290417,-40286,-40286,-12.18,-12.18,180457,399654,11,7.495889407,121.4677181
Chandigarh,2022,Per Capita Net State Domestic Product at Factor Cost-(PER_CAP_NET_SDP_RN),NA,All India,Union Territories,Current Price,Base Year : 2011-12,Indian rupee,337406,46989,46989,16.18,16.18,180457,399654,11,7.495889407,121.4677181
Chandigarh,2023,Per Capita Net State Domestic Product at Factor Cost-(PER_CAP_NET_SDP_RN),NA,All India,Union Territories,Current Price,Base Year : 2011-12,Indian rupee,399654,62248,62248,18.45,18.45,180457,399654,11,7.495889407,121.4677181
Chandigarh,2024,Per Capita Net State Domestic Product at Factor Cost-(PER_CAP_NET_SDP_RN),NA,All India,Union Territories,Current Price,Base Year : 2011-12,Indian rupee,399654,62248,62248,18.45,18.45,180457,399654,11,7.495889407,121.4677181
Jharkhand,2013,Per Capita Net State Domestic Product at Factor Cost-(PER_CAP_NET_SDP_RN),All India,All States,Eastern Region,Current Price,Base Year : 2011-12,Indian rupee,47360,6106,6106,14.8,14.8,47360,105274,11,7.531875613,122.2846284
Jharkhand,2014,Per Capita Net State Domestic Product at Factor Cost-(PER_CAP_NET_SDP_RN),All India,All States,Eastern Region,Current Price,Base Year : 2011-12,Indian rupee,50006,2646,2646,5.59,5.59,47360,105274,11,7.531875613,122.2846284
Jharkhand,2015,Per Capita Net State Domestic Product at Factor Cost-(PER_CAP_NET_SDP_RN),All India,All States,Eastern Region,Current Price,Base Year : 2011-12,Indian rupee,57301,7295,7295,14.59,14.59,47360,105274,11,7.531875613,122.2846284
Jharkhand,2016,Per Capita Net State Domestic Product at Factor Cost-(PER_CAP_NET_SDP_RN),All India,All States,Eastern Region,Current Price,Base Year : 2011-12,Indian rupee,52754,-4547,-4547,-7.94,-7.94,47360,105274,11,7.531875613,122.2846284
Jharkhand,2017,Per Capita Net State Domestic Product at Factor Cost-(PER_CAP_NET_SDP_RN),All India,All States,Eastern Region,Current Price,Base Year : 2011-12,Indian rupee,60018,7264,7264,13.77,13.77,47360,105274,11,7.531875613,122.2846284
Jharkhand,2018,Per Capita Net State Domestic Product at Factor Cost-(PER_CAP_NET_SDP_RN),All India,All States,Eastern Region,Current Price,Base Year : 2011-12,Indian rupee,67484,7466,7466,12.44,12.44,47360,105274,11,7.531875613,122.2846284
Jharkhand,2019,Per Capita Net State Domestic Product at Factor Cost-(PER_CAP_NET_SDP_RN),All India,All States,Eastern Region,Current Price,Base Year : 2011-12,Indian rupee,75421,7937,7937,11.76,11.76,47360,105274,11,7.531875613,122.2846284
Jharkhand,2020,Per Capita Net State Domestic Product at Factor Cost-(PER_CAP_NET_SDP_RN),All India,All States,Eastern Region,Current Price,Base Year : 2011-12,Indian rupee,75016,-405,-405,-0.54,-0.54,47360,105274,11,7.531875613,122.2846284
Jharkhand,2021,Per Capita Net State Domestic Product at Factor Cost-(PER_CAP_NET_SDP_RN),All India,All States,Eastern Region,Current Price,Base Year : 2011-12,Indian rupee,69963,-5053,-5053,-6.74,-6.74,47360,105274,11,7.531875613,122.2846284
Jharkhand,2022,Per Capita Net State Domestic Product at Factor Cost-(PER_CAP_NET_SDP_RN),All India,All States,Eastern Region,Current Price,Base Year : 2011-12,Indian rupee,88500,18537,18537,26.5,26.5,47360,105274,11,7.531875613,122.2846284
Jharkhand,2023,Per Capita Net State Domestic Product at Factor Cost-(PER_CAP_NET_SDP_RN),All India,All States,Eastern Region,Current Price,Base Year : 2011-12,Indian rupee,96449,7949,7949,8.98,8.98,47360,105274,11,7.531875613,122.2846284
Jharkhand,2024,Per Capita Net State Domestic Product at Factor Cost-(PER_CAP_NET_SDP_RN),All India,All States,Eastern Region,Current Price,Base Year : 2011-12,Indian rupee,105274,8825,8825,9.15,9.15,47360,105274,11,7.531875613,122.2846284
Delhi,2013,Per Capita Net State Domestic Product at Factor Cost-(PER_CAP_NET_SDP_RN),NA,All India,Union Territories,Current Price,Base Year : 2011-12,Indian rupee,205568,20567,20567,11.12,11.12,205568,461910,11,7.637550228,124.6993696
Delhi,2014,Per Capita Net State Domestic Product at Factor Cost-(PER_CAP_NET_SDP_RN),NA,All India,Union Territories,Current Price,Base Year : 2011-12,Indian rupee,227900,22332,22332,10.86,10.86,205568,461910,11,7.637550228,124.6993696
Delhi,2015,Per Capita Net State Domestic Product at Factor Cost-(PER_CAP_NET_SDP_RN),NA,All India,Union Territories,Current Price,Base Year : 2011-12,Indian rupee,247209,19309,19309,8.47,8.47,205568,461910,11,7.637550228,124.6993696
Delhi,2016,Per Capita Net State Domestic Product at Factor Cost-(PER_CAP_NET_SDP_RN),NA,All India,Union Territories,Current Price,Base Year : 2011-12,Indian rupee,270261,23052,23052,9.32,9.32,205568,461910,11,7.637550228,124.6993696
Delhi,2017,Per Capita Net State Domestic Product at Factor Cost-(PER_CAP_NET_SDP_RN),NA,All India,Union Territories,Current Price,Base Year : 2011-12,Indian rupee,295558,25297,25297,9.36,9.36,205568,461910,11,7.637550228,124.6993696
Delhi,2018,Per Capita Net State Domestic Product at Factor Cost-(PER_CAP_NET_SDP_RN),NA,All India,Union Territories,Current Price,Base Year : 2011-12,Indian rupee,318323,22765,22765,7.7,7.7,205568,461910,11,7.637550228,124.6993696
Delhi,2019,Per Capita Net State Domestic Product at Factor Cost-(PER_CAP_NET_SDP_RN),NA,All India,Union Territories,Current Price,Base Year : 2011-12,Indian rupee,338730,20407,20407,6.41,6.41,205568,461910,11,7.637550228,124.6993696
Delhi,2020,Per Capita Net State Domestic Product at Factor Cost-(PER_CAP_NET_SDP_RN),NA,All India,Union Territories,Current Price,Base Year : 2011-12,Indian rupee,355798,17068,17068,5.04,5.04,205568,461910,11,7.637550228,124.6993696
Delhi,2021,Per Capita Net State Domestic Product at Factor Cost-(PER_CAP_NET_SDP_RN),NA,All India,Union Territories,Current Price,Base Year : 2011-12,Indian rupee,322311,-33487,-33487,-9.41,-9.41,205568,461910,11,7.637550228,124.6993696
Delhi,2022,Per Capita Net State Domestic Product at Factor Cost-(PER_CAP_NET_SDP_RN),NA,All India,Union Territories,Current Price,Base Year : 2011-12,Indian rupee,376217,53906,53906,16.72,16.72,205568,461910,11,7.637550228,124.6993696
Delhi,2023,Per Capita Net State Domestic Product at Factor Cost-(PER_CAP_NET_SDP_RN),NA,All India,Union Territories,Current Price,Base Year : 2011-12,Indian rupee,430120,53903,53903,14.33,14.33,205568,461910,11,7.637550228,124.6993696
Delhi,2024,Per Capita Net State Domestic Product at Factor Cost-(PER_CAP_NET_SDP_RN),NA,All India,Union Territories,Current Price,Base Year : 2011-12,Indian rupee,461910,31790,31790,7.39,7.39,205568,461910,11,7.637550228,124.6993696
Uttarakhand,2013,Per Capita Net State Domestic Product at Factor Cost-(PER_CAP_NET_SDP_RN),All India,All States,Central Region,Current Price,Base Year : 2011-12,Indian rupee,113654,13340,13340,13.3,13.3,113654,260201,11,7.820713961,128.9413483
Uttarakhand,2014,Per Capita Net State Domestic Product at Factor Cost-(PER_CAP_NET_SDP_RN),All India,All States,Central Region,Current Price,Base Year : 2011-12,Indian rupee,126356,12702,12702,11.18,11.18,113654,260201,11,7.820713961,128.9413483
Uttarakhand,2015,Per Capita Net State Domestic Product at Factor Cost-(PER_CAP_NET_SDP_RN),All India,All States,Central Region,Current Price,Base Year : 2011-12,Indian rupee,136099,9743,9743,7.71,7.71,113654,260201,11,7.820713961,128.9413483
Uttarakhand,2016,Per Capita Net State Domestic Product at Factor Cost-(PER_CAP_NET_SDP_RN),All India,All States,Central Region,Current Price,Base Year : 2011-12,Indian rupee,147936,11837,11837,8.7,8.7,113654,260201,11,7.820713961,128.9413483
Uttarakhand,2017,Per Capita Net State Domestic Product at Factor Cost-(PER_CAP_NET_SDP_RN),All India,All States,Central Region,Current Price,Base Year : 2011-12,Indian rupee,161752,13816,13816,9.34,9.34,113654,260201,11,7.820713961,128.9413483
Uttarakhand,2018,Per Capita Net State Domestic Product at Factor Cost-(PER_CAP_NET_SDP_RN),All India,All States,Central Region,Current Price,Base Year : 2011-12,Indian rupee,180858,19106,19106,11.81,11.81,113654,260201,11,7.820713961,128.9413483
Uttarakhand,2019,Per Capita Net State Domestic Product at Factor Cost-(PER_CAP_NET_SDP_RN),All India,All States,Central Region,Current Price,Base Year : 2011-12,Indian rupee,186207,5349,5349,2.96,2.96,113654,260201,11,7.820713961,128.9413483
Uttarakhand,2020,Per Capita Net State Domestic Product at Factor Cost-(PER_CAP_NET_SDP_RN),All India,All States,Central Region,Current Price,Base Year : 2011-12,Indian rupee,190558,4351,4351,2.34,2.34,113654,260201,11,7.820713961,128.9413483
Uttarakhand,2021,Per Capita Net State Domestic Product at Factor Cost-(PER_CAP_NET_SDP_RN),All India,All States,Central Region,Current Price,Base Year : 2011-12,Indian rupee,174526,-16032,-16032,-8.41,-8.41,113654,260201,11,7.820713961,128.9413483
Uttarakhand,2022,Per Capita Net State Domestic Product at Factor Cost-(PER_CAP_NET_SDP_RN),All India,All States,Central Region,Current Price,Base Year : 2011-12,Indian rupee,205246,30720,30720,17.6,17.6,113654,260201,11,7.820713961,128.9413483
Uttarakhand,2023,Per Capita Net State Domestic Product at Factor Cost-(PER_CAP_NET_SDP_RN),All India,All States,Central Region,Current Price,Base Year : 2011-12,Indian rupee,230994,25748,25748,12.54,12.54,113654,260201,11,7.820713961,128.9413483
Uttarakhand,2024,Per Capita Net State Domestic Product at Factor Cost-(PER_CAP_NET_SDP_RN),All India,All States,Central Region,Current Price,Base Year : 2011-12,Indian rupee,260201,29207,29207,12.64,12.64,113654,260201,11,7.820713961,128.9413483
Himachal Pradesh,2013,Per Capita Net State Domestic Product at Factor Cost-(PER_CAP_NET_SDP_RN),All India,All States,Northern Region,Current Price,Base Year : 2011-12,Indian rupee,99730,12009,12009,13.69,13.69,99730,235199,11,8.111926099,135.8357565
Himachal Pradesh,2014,Per Capita Net State Domestic Product at Factor Cost-(PER_CAP_NET_SDP_RN),All India,All States,Northern Region,Current Price,Base Year : 2011-12,Indian rupee,114095,14365,14365,14.4,14.4,99730,235199,11,8.111926099,135.8357565
Himachal Pradesh,2015,Per Capita Net State Domestic Product at Factor Cost-(PER_CAP_NET_SDP_RN),All India,All States,Northern Region,Current Price,Base Year : 2011-12,Indian rupee,123299,9204,9204,8.07,8.07,99730,235199,11,8.111926099,135.8357565
Himachal Pradesh,2016,Per Capita Net State Domestic Product at Factor Cost-(PER_CAP_NET_SDP_RN),All India,All States,Northern Region,Current Price,Base Year : 2011-12,Indian rupee,135512,12213,12213,9.91,9.91,99730,235199,11,8.111926099,135.8357565
Himachal Pradesh,2017,Per Capita Net State Domestic Product at Factor Cost-(PER_CAP_NET_SDP_RN),All India,All States,Northern Region,Current Price,Base Year : 2011-12,Indian rupee,150290,14778,14778,10.91,10.91,99730,235199,11,8.111926099,135.8357565
Himachal Pradesh,2018,Per Capita Net State Domestic Product at Factor Cost-(PER_CAP_NET_SDP_RN),All India,All States,Northern Region,Current Price,Base Year : 2011-12,Indian rupee,165497,15207,15207,10.12,10.12,99730,235199,11,8.111926099,135.8357565
Himachal Pradesh,2019,Per Capita Net State Domestic Product at Factor Cost-(PER_CAP_NET_SDP_RN),All India,All States,Northern Region,Current Price,Base Year : 2011-12,Indian rupee,174804,9307,9307,5.62,5.62,99730,235199,11,8.111926099,135.8357565
Himachal Pradesh,2020,Per Capita Net State Domestic Product at Factor Cost-(PER_CAP_NET_SDP_RN),All India,All States,Northern Region,Current Price,Base Year : 2011-12,Indian rupee,186559,11755,11755,6.72,6.72,99730,235199,11,8.111926099,135.8357565
Himachal Pradesh,2021,Per Capita Net State Domestic Product at Factor Cost-(PER_CAP_NET_SDP_RN),All India,All States,Northern Region,Current Price,Base Year : 2011-12,Indian rupee,173152,-13407,-13407,-7.19,-7.19,99730,235199,11,8.111926099,135.8357565
Himachal Pradesh,2022,Per Capita Net State Domestic Product at Factor Cost-(PER_CAP_NET_SDP_RN),All India,All States,Northern Region,Current Price,Base Year : 2011-12,Indian rupee,195795,22643,22643,13.08,13.08,99730,235199,11,8.111926099,135.8357565
Himachal Pradesh,2023,Per Capita Net State Domestic Product at Factor Cost-(PER_CAP_NET_SDP_RN),All India,All States,Northern Region,Current Price,Base Year : 2011-12,Indian rupee,218788,22993,22993,11.74,11.74,99730,235199,11,8.111926099,135.8357565
Himachal Pradesh,2024,Per Capita Net State Domestic Product at Factor Cost-(PER_CAP_NET_SDP_RN),All India,All States,Northern Region,Current Price,Base Year : 2011-12,Indian rupee,235199,16411,16411,7.5,7.5,99730,235199,11,8.111926099,135.8357565
Nagaland,2013,Per Capita Net State Domestic Product at Factor Cost-(PER_CAP_NET_SDP_RN),All India,All States,North Eastern Region,Current Price,Base Year : 2011-12,Indian rupee,61225,8215,8215,15.5,15.5,61225,145537,11,8.189689644,137.7084524
Nagaland,2014,Per Capita Net State Domestic Product at Factor Cost-(PER_CAP_NET_SDP_RN),All India,All States,North Eastern Region,Current Price,Base Year : 2011-12,Indian rupee,71510,10285,10285,16.8,16.8,61225,145537,11,8.189689644,137.7084524
Nagaland,2015,Per Capita Net State Domestic Product at Factor Cost-(PER_CAP_NET_SDP_RN),All India,All States,North Eastern Region,Current Price,Base Year : 2011-12,Indian rupee,78367,6857,6857,9.59,9.59,61225,145537,11,8.189689644,137.7084524
Nagaland,2016,Per Capita Net State Domestic Product at Factor Cost-(PER_CAP_NET_SDP_RN),All India,All States,North Eastern Region,Current Price,Base Year : 2011-12,Indian rupee,82466,4099,4099,5.23,5.23,61225,145537,11,8.189689644,137.7084524
Nagaland,2017,Per Capita Net State Domestic Product at Factor Cost-(PER_CAP_NET_SDP_RN),All India,All States,North Eastern Region,Current Price,Base Year : 2011-12,Indian rupee,91347,8881,8881,10.77,10.77,61225,145537,11,8.189689644,137.7084524
Nagaland,2018,Per Capita Net State Domestic Product at Factor Cost-(PER_CAP_NET_SDP_RN),All India,All States,North Eastern Region,Current Price,Base Year : 2011-12,Indian rupee,102003,10656,10656,11.67,11.67,61225,145537,11,8.189689644,137.7084524
Nagaland,2019,Per Capita Net State Domestic Product at Factor Cost-(PER_CAP_NET_SDP_RN),All India,All States,North Eastern Region,Current Price,Base Year : 2011-12,Indian rupee,109198,7195,7195,7.05,7.05,61225,145537,11,8.189689644,137.7084524
Nagaland,2020,Per Capita Net State Domestic Product at Factor Cost-(PER_CAP_NET_SDP_RN),All India,All States,North Eastern Region,Current Price,Base Year : 2011-12,Indian rupee,122759,13561,13561,12.42,12.42,61225,145537,11,8.189689644,137.7084524
Nagaland,2021,Per Capita Net State Domestic Product at Factor Cost-(PER_CAP_NET_SDP_RN),All India,All States,North Eastern Region,Current Price,Base Year : 2011-12,Indian rupee,119781,-2978,-2978,-2.43,-2.43,61225,145537,11,8.189689644,137.7084524
Nagaland,2022,Per Capita Net State Domestic Product at Factor Cost-(PER_CAP_NET_SDP_RN),All India,All States,North Eastern Region,Current Price,Base Year : 2011-12,Indian rupee,127225,7444,7444,6.21,6.21,61225,145537,11,8.189689644,137.7084524
Nagaland,2023,Per Capita Net State Domestic Product at Factor Cost-(PER_CAP_NET_SDP_RN),All India,All States,North Eastern Region,Current Price,Base Year : 2011-12,Indian rupee,145537,18312,18312,14.39,14.39,61225,145537,11,8.189689644,137.7084524
Nagaland,2024,Per Capita Net State Domestic Product at Factor Cost-(PER_CAP_NET_SDP_RN),All India,All States,North Eastern Region,Current Price,Base Year : 2011-12,Indian rupee,145537,18312,18312,14.39,14.39,61225,145537,11,8.189689644,137.7084524
Arunachal Pradesh,2013,Per Capita Net State Domestic Product at Factor Cost-(PER_CAP_NET_SDP_RN),All India,All States,North Eastern Region,Current Price,Base Year : 2011-12,Indian rupee,82626,9086,9086,12.36,12.36,82626,199992,11,8.367642814,142.0448769
Arunachal Pradesh,2014,Per Capita Net State Domestic Product at Factor Cost-(PER_CAP_NET_SDP_RN),All India,All States,North Eastern Region,Current Price,Base Year : 2011-12,Indian rupee,94135,11509,11509,13.93,13.93,82626,199992,11,8.367642814,142.0448769
Arunachal Pradesh,2015,Per Capita Net State Domestic Product at Factor Cost-(PER_CAP_NET_SDP_RN),All India,All States,North Eastern Region,Current Price,Base Year : 2011-12,Indian rupee,114789,20654,20654,21.94,21.94,82626,199992,11,8.367642814,142.0448769
Arunachal Pradesh,2016,Per Capita Net State Domestic Product at Factor Cost-(PER_CAP_NET_SDP_RN),All India,All States,North Eastern Region,Current Price,Base Year : 2011-12,Indian rupee,116985,2196,2196,1.91,1.91,82626,199992,11,8.367642814,142.0448769
Arunachal Pradesh,2017,Per Capita Net State Domestic Product at Factor Cost-(PER_CAP_NET_SDP_RN),All India,All States,North Eastern Region,Current Price,Base Year : 2011-12,Indian rupee,124129,7144,7144,6.11,6.11,82626,199992,11,8.367642814,142.0448769
Arunachal Pradesh,2018,Per Capita Net State Domestic Product at Factor Cost-(PER_CAP_NET_SDP_RN),All India,All States,North Eastern Region,Current Price,Base Year : 2011-12,Indian rupee,138836,14707,14707,11.85,11.85,82626,199992,11,8.367642814,142.0448769
Arunachal Pradesh,2019,Per Capita Net State Domestic Product at Factor Cost-(PER_CAP_NET_SDP_RN),All India,All States,North Eastern Region,Current Price,Base Year : 2011-12,Indian rupee,155103,16267,16267,11.72,11.72,82626,199992,11,8.367642814,142.0448769
Arunachal Pradesh,2020,Per Capita Net State Domestic Product at Factor Cost-(PER_CAP_NET_SDP_RN),All India,All States,North Eastern Region,Current Price,Base Year : 2011-12,Indian rupee,182171,27068,27068,17.45,17.45,82626,199992,11,8.367642814,142.0448769
Arunachal Pradesh,2021,Per Capita Net State Domestic Product at Factor Cost-(PER_CAP_NET_SDP_RN),All India,All States,North Eastern Region,Current Price,Base Year : 2011-12,Indian rupee,181537,-634,-634,-0.35,-0.35,82626,199992,11,8.367642814,142.0448769
Arunachal Pradesh,2022,Per Capita Net State Domestic Product at Factor Cost-(PER_CAP_NET_SDP_RN),All India,All States,North Eastern Region,Current Price,Base Year : 2011-12,Indian rupee,190851,9314,9314,5.13,5.13,82626,199992,11,8.367642814,142.0448769
Arunachal Pradesh,2023,Per Capita Net State Domestic Product at Factor Cost-(PER_CAP_NET_SDP_RN),All India,All States,North Eastern Region,Current Price,Base Year : 2011-12,Indian rupee,199992,9141,9141,4.79,4.79,82626,199992,11,8.367642814,142.0448769
Arunachal Pradesh,2024,Per Capita Net State Domestic Product at Factor Cost-(PER_CAP_NET_SDP_RN),All India,All States,North Eastern Region,Current Price,Base Year : 2011-12,Indian rupee,199992,9141,9141,4.79,4.79,82626,199992,11,8.367642814,142.0448769
Chhattisgarh,2013,Per Capita Net State Domestic Product at Factor Cost-(PER_CAP_NET_SDP_RN),All India,All States,Central Region,Current Price,Base Year : 2011-12,Indian rupee,60849,5672,5672,10.28,10.28,60849,147361,11,8.372933337,142.1748919
Chhattisgarh,2014,Per Capita Net State Domestic Product at Factor Cost-(PER_CAP_NET_SDP_RN),All India,All States,Central Region,Current Price,Base Year : 2011-12,Indian rupee,69880,9031,9031,14.84,14.84,60849,147361,11,8.372933337,142.1748919
Chhattisgarh,2015,Per Capita Net State Domestic Product at Factor Cost-(PER_CAP_NET_SDP_RN),All India,All States,Central Region,Current Price,Base Year : 2011-12,Indian rupee,72936,3056,3056,4.37,4.37,60849,147361,11,8.372933337,142.1748919
Chhattisgarh,2016,Per Capita Net State Domestic Product at Factor Cost-(PER_CAP_NET_SDP_RN),All India,All States,Central Region,Current Price,Base Year : 2011-12,Indian rupee,72991,55,55,0.08,0.08,60849,147361,11,8.372933337,142.1748919
Chhattisgarh,2017,Per Capita Net State Domestic Product at Factor Cost-(PER_CAP_NET_SDP_RN),All India,All States,Central Region,Current Price,Base Year : 2011-12,Indian rupee,83285,10294,10294,14.1,14.1,60849,147361,11,8.372933337,142.1748919
Chhattisgarh,2018,Per Capita Net State Domestic Product at Factor Cost-(PER_CAP_NET_SDP_RN),All India,All States,Central Region,Current Price,Base Year : 2011-12,Indian rupee,88793,5508,5508,6.61,6.61,60849,147361,11,8.372933337,142.1748919
Chhattisgarh,2019,Per Capita Net State Domestic Product at Factor Cost-(PER_CAP_NET_SDP_RN),All India,All States,Central Region,Current Price,Base Year : 2011-12,Indian rupee,102024,13231,13231,14.9,14.9,60849,147361,11,8.372933337,142.1748919
Chhattisgarh,2020,Per Capita Net State Domestic Product at Factor Cost-(PER_CAP_NET_SDP_RN),All India,All States,Central Region,Current Price,Base Year : 2011-12,Indian rupee,106611,4587,4587,4.5,4.5,60849,147361,11,8.372933337,142.1748919
Chhattisgarh,2021,Per Capita Net State Domestic Product at Factor Cost-(PER_CAP_NET_SDP_RN),All India,All States,Central Region,Current Price,Base Year : 2011-12,Indian rupee,106117,-494,-494,-0.46,-0.46,60849,147361,11,8.372933337,142.1748919
Chhattisgarh,2022,Per Capita Net State Domestic Product at Factor Cost-(PER_CAP_NET_SDP_RN),All India,All States,Central Region,Current Price,Base Year : 2011-12,Indian rupee,122934,16817,16817,15.85,15.85,60849,147361,11,8.372933337,142.1748919
Chhattisgarh,2023,Per Capita Net State Domestic Product at Factor Cost-(PER_CAP_NET_SDP_RN),All India,All States,Central Region,Current Price,Base Year : 2011-12,Indian rupee,137329,14395,14395,11.71,11.71,60849,147361,11,8.372933337,142.1748919
Chhattisgarh,2024,Per Capita Net State Domestic Product at Factor Cost-(PER_CAP_NET_SDP_RN),All India,All States,Central Region,Current Price,Base Year : 2011-12,Indian rupee,147361,10032,10032,7.31,7.31,60849,147361,11,8.372933337,142.1748919
Bihar,2013,Per Capita Net State Domestic Product at Factor Cost-(PER_CAP_NET_SDP_RN),All India,All States,Eastern Region,Current Price,Base Year : 2011-12,Indian rupee,24487,2737,2737,12.58,12.58,24487,60337,11,8.543638525,146.4042145
Bihar,2014,Per Capita Net State Domestic Product at Factor Cost-(PER_CAP_NET_SDP_RN),All India,All States,Eastern Region,Current Price,Base Year : 2011-12,Indian rupee,26948,2461,2461,10.05,10.05,24487,60337,11,8.543638525,146.4042145
Bihar,2015,Per Capita Net State Domestic Product at Factor Cost-(PER_CAP_NET_SDP_RN),All India,All States,Eastern Region,Current Price,Base Year : 2011-12,Indian rupee,28671,1723,1723,6.39,6.39,24487,60337,11,8.543638525,146.4042145
Bihar,2016,Per Capita Net State Domestic Product at Factor Cost-(PER_CAP_NET_SDP_RN),All India,All States,Eastern Region,Current Price,Base Year : 2011-12,Indian rupee,30404,1733,1733,6.04,6.04,24487,60337,11,8.543638525,146.4042145
Bihar,2017,Per Capita Net State Domestic Product at Factor Cost-(PER_CAP_NET_SDP_RN),All India,All States,Eastern Region,Current Price,Base Year : 2011-12,Indian rupee,34045,3641,3641,11.98,11.98,24487,60337,11,8.543638525,146.4042145
Bihar,2018,Per Capita Net State Domestic Product at Factor Cost-(PER_CAP_NET_SDP_RN),All India,All States,Eastern Region,Current Price,Base Year : 2011-12,Indian rupee,36850,2805,2805,8.24,8.24,24487,60337,11,8.543638525,146.4042145
Bihar,2019,Per Capita Net State Domestic Product at Factor Cost-(PER_CAP_NET_SDP_RN),All India,All States,Eastern Region,Current Price,Base Year : 2011-12,Indian rupee,40715,3865,3865,10.49,10.49,24487,60337,11,8.543638525,146.4042145
Bihar,2020,Per Capita Net State Domestic Product at Factor Cost-(PER_CAP_NET_SDP_RN),All India,All States,Eastern Region,Current Price,Base Year : 2011-12,Indian rupee,44175,3460,3460,8.5,8.5,24487,60337,11,8.543638525,146.4042145
Bihar,2021,Per Capita Net State Domestic Product at Factor Cost-(PER_CAP_NET_SDP_RN),All India,All States,Eastern Region,Current Price,Base Year : 2011-12,Indian rupee,42128,-2047,-2047,-4.63,-4.63,24487,60337,11,8.543638525,146.4042145
Bihar,2022,Per Capita Net State Domestic Product at Factor Cost-(PER_CAP_NET_SDP_RN),All India,All States,Eastern Region,Current Price,Base Year : 2011-12,Indian rupee,47296,5168,5168,12.27,12.27,24487,60337,11,8.543638525,146.4042145
Bihar,2023,Per Capita Net State Domestic Product at Factor Cost-(PER_CAP_NET_SDP_RN),All India,All States,Eastern Region,Current Price,Base Year : 2011-12,Indian rupee,53478,6182,6182,13.07,13.07,24487,60337,11,8.543638525,146.4042145
Bihar,2024,Per Capita Net State Domestic Product at Factor Cost-(PER_CAP_NET_SDP_RN),All India,All States,Eastern Region,Current Price,Base Year : 2011-12,Indian rupee,60337,6859,6859,12.83,12.83,24487,60337,11,8.543638525,146.4042145
Maharashtra,2013,Per Capita Net State Domestic Product at Factor Cost-(PER_CAP_NET_SDP_RN),All India,All States,Western Region,Current Price,Base Year : 2011-12,Indian rupee,112092,12495,12495,12.55,12.55,112092,277603,11,8.593668175,147.6563894
Maharashtra,2014,Per Capita Net State Domestic Product at Factor Cost-(PER_CAP_NET_SDP_RN),All India,All States,Western Region,Current Price,Base Year : 2011-12,Indian rupee,125261,13169,13169,11.75,11.75,112092,277603,11,8.593668175,147.6563894
Maharashtra,2015,Per Capita Net State Domestic Product at Factor Cost-(PER_CAP_NET_SDP_RN),All India,All States,Western Region,Current Price,Base Year : 2011-12,Indian rupee,132836,7575,7575,6.05,6.05,112092,277603,11,8.593668175,147.6563894
Maharashtra,2016,Per Capita Net State Domestic Product at Factor Cost-(PER_CAP_NET_SDP_RN),All India,All States,Western Region,Current Price,Base Year : 2011-12,Indian rupee,146815,13979,13979,10.52,10.52,112092,277603,11,8.593668175,147.6563894
Maharashtra,2017,Per Capita Net State Domestic Product at Factor Cost-(PER_CAP_NET_SDP_RN),All India,All States,Western Region,Current Price,Base Year : 2011-12,Indian rupee,163726,16911,16911,11.52,11.52,112092,277603,11,8.593668175,147.6563894
Maharashtra,2018,Per Capita Net State Domestic Product at Factor Cost-(PER_CAP_NET_SDP_RN),All India,All States,Western Region,Current Price,Base Year : 2011-12,Indian rupee,172663,8937,8937,5.46,5.46,112092,277603,11,8.593668175,147.6563894
Maharashtra,2019,Per Capita Net State Domestic Product at Factor Cost-(PER_CAP_NET_SDP_RN),All India,All States,Western Region,Current Price,Base Year : 2011-12,Indian rupee,182865,10202,10202,5.91,5.91,112092,277603,11,8.593668175,147.6563894
Maharashtra,2020,Per Capita Net State Domestic Product at Factor Cost-(PER_CAP_NET_SDP_RN),All India,All States,Western Region,Current Price,Base Year : 2011-12,Indian rupee,189843,6978,6978,3.82,3.82,112092,277603,11,8.593668175,147.6563894
Maharashtra,2021,Per Capita Net State Domestic Product at Factor Cost-(PER_CAP_NET_SDP_RN),All India,All States,Western Region,Current Price,Base Year : 2011-12,Indian rupee,182454,-7389,-7389,-3.89,-3.89,112092,277603,11,8.593668175,147.6563894
Maharashtra,2022,Per Capita Net State Domestic Product at Factor Cost-(PER_CAP_NET_SDP_RN),All India,All States,Western Region,Current Price,Base Year : 2011-12,Indian rupee,219573,37119,37119,20.34,20.34,112092,277603,11,8.593668175,147.6563894
Maharashtra,2023,Per Capita Net State Domestic Product at Factor Cost-(PER_CAP_NET_SDP_RN),All India,All States,Western Region,Current Price,Base Year : 2011-12,Indian rupee,252389,32816,32816,14.95,14.95,112092,277603,11,8.593668175,147.6563894
Maharashtra,2024,Per Capita Net State Domestic Product at Factor Cost-(PER_CAP_NET_SDP_RN),All India,All States,Western Region,Current Price,Base Year : 2011-12,Indian rupee,277603,25214,25214,9.99,9.99,112092,277603,11,8.593668175,147.6563894
Jammu & Kashmir,2013,Per Capita Net State Domestic Product at Factor Cost-(PER_CAP_NET_SDP_RN),NA,All India,Union Territories,Current Price,Base Year : 2011-12,Indian rupee,57279,5504,5504,10.63,10.63,57279,142138,11,8.613338041,148.150282
Jammu & Kashmir,2014,Per Capita Net State Domestic Product at Factor Cost-(PER_CAP_NET_SDP_RN),NA,All India,Union Territories,Current Price,Base Year : 2011-12,Indian rupee,61907,4628,4628,8.08,8.08,57279,142138,11,8.613338041,148.150282
Jammu & Kashmir,2015,Per Capita Net State Domestic Product at Factor Cost-(PER_CAP_NET_SDP_RN),NA,All India,Union Territories,Current Price,Base Year : 2011-12,Indian rupee,62327,420,420,0.68,0.68,57279,142138,11,8.613338041,148.150282
Jammu & Kashmir,2016,Per Capita Net State Domestic Product at Factor Cost-(PER_CAP_NET_SDP_RN),NA,All India,Union Territories,Current Price,Base Year : 2011-12,Indian rupee,74950,12623,12623,20.25,20.25,57279,142138,11,8.613338041,148.150282
Jammu & Kashmir,2017,Per Capita Net State Domestic Product at Factor Cost-(PER_CAP_NET_SDP_RN),NA,All India,Union Territories,Current Price,Base Year : 2011-12,Indian rupee,78960,4010,4010,5.35,5.35,57279,142138,11,8.613338041,148.150282
Jammu & Kashmir,2018,Per Capita Net State Domestic Product at Factor Cost-(PER_CAP_NET_SDP_RN),NA,All India,Union Territories,Current Price,Base Year : 2011-12,Indian rupee,87710,8750,8750,11.08,11.08,57279,142138,11,8.613338041,148.150282
Jammu & Kashmir,2019,Per Capita Net State Domestic Product at Factor Cost-(PER_CAP_NET_SDP_RN),NA,All India,Union Territories,Current Price,Base Year : 2011-12,Indian rupee,98738,11028,11028,12.57,12.57,57279,142138,11,8.613338041,148.150282
Jammu & Kashmir,2020,Per Capita Net State Domestic Product at Factor Cost-(PER_CAP_NET_SDP_RN),NA,All India,Union Territories,Current Price,Base Year : 2011-12,Indian rupee,101868,3130,3130,3.17,3.17,57279,142138,11,8.613338041,148.150282
Jammu & Kashmir,2021,Per Capita Net State Domestic Product at Factor Cost-(PER_CAP_NET_SDP_RN),NA,All India,Union Territories,Current Price,Base Year : 2011-12,Indian rupee,101645,-223,-223,-0.22,-0.22,57279,142138,11,8.613338041,148.150282
Jammu & Kashmir,2022,Per Capita Net State Domestic Product at Factor Cost-(PER_CAP_NET_SDP_RN),NA,All India,Union Territories,Current Price,Base Year : 2011-12,Indian rupee,112898,11253,11253,11.07,11.07,57279,142138,11,8.613338041,148.150282
Jammu & Kashmir,2023,Per Capita Net State Domestic Product at Factor Cost-(PER_CAP_NET_SDP_RN),NA,All India,Union Territories,Current Price,Base Year : 2011-12,Indian rupee,130492,17594,17594,15.58,15.58,57279,142138,11,8.613338041,148.150282
Jammu & Kashmir,2024,Per Capita Net State Domestic Product at Factor Cost-(PER_CAP_NET_SDP_RN),NA,All India,Union Territories,Current Price,Base Year : 2011-12,Indian rupee,142138,11646,11646,8.92,8.92,57279,142138,11,8.613338041,148.150282
Kerala,2013,Per Capita Net State Domestic Product at Factor Cost-(PER_CAP_NET_SDP_RN),All India,All States,Southern Region,Current Price,Base Year : 2011-12,Indian rupee,110314,12402,12402,12.67,12.67,110314,281001,11,8.871977694,154.728321
Kerala,2014,Per Capita Net State Domestic Product at Factor Cost-(PER_CAP_NET_SDP_RN),All India,All States,Southern Region,Current Price,Base Year : 2011-12,Indian rupee,123388,13074,13074,11.85,11.85,110314,281001,11,8.871977694,154.728321
Kerala,2015,Per Capita Net State Domestic Product at Factor Cost-(PER_CAP_NET_SDP_RN),All India,All States,Southern Region,Current Price,Base Year : 2011-12,Indian rupee,135537,12149,12149,9.85,9.85,110314,281001,11,8.871977694,154.728321
Kerala,2016,Per Capita Net State Domestic Product at Factor Cost-(PER_CAP_NET_SDP_RN),All India,All States,Southern Region,Current Price,Base Year : 2011-12,Indian rupee,148133,12596,12596,9.29,9.29,110314,281001,11,8.871977694,154.728321
Kerala,2017,Per Capita Net State Domestic Product at Factor Cost-(PER_CAP_NET_SDP_RN),All India,All States,Southern Region,Current Price,Base Year : 2011-12,Indian rupee,166246,18113,18113,12.23,12.23,110314,281001,11,8.871977694,154.728321
Kerala,2018,Per Capita Net State Domestic Product at Factor Cost-(PER_CAP_NET_SDP_RN),All India,All States,Southern Region,Current Price,Base Year : 2011-12,Indian rupee,183252,17006,17006,10.23,10.23,110314,281001,11,8.871977694,154.728321
Kerala,2019,Per Capita Net State Domestic Product at Factor Cost-(PER_CAP_NET_SDP_RN),All India,All States,Southern Region,Current Price,Base Year : 2011-12,Indian rupee,205437,22185,22185,12.11,12.11,110314,281001,11,8.871977694,154.728321
Kerala,2020,Per Capita Net State Domestic Product at Factor Cost-(PER_CAP_NET_SDP_RN),All India,All States,Southern Region,Current Price,Base Year : 2011-12,Indian rupee,208879,3442,3442,1.68,1.68,110314,281001,11,8.871977694,154.728321
Kerala,2021,Per Capita Net State Domestic Product at Factor Cost-(PER_CAP_NET_SDP_RN),All India,All States,Southern Region,Current Price,Base Year : 2011-12,Indian rupee,194432,-14447,-14447,-6.92,-6.92,110314,281001,11,8.871977694,154.728321
Kerala,2022,Per Capita Net State Domestic Product at Factor Cost-(PER_CAP_NET_SDP_RN),All India,All States,Southern Region,Current Price,Base Year : 2011-12,Indian rupee,230280,35848,35848,18.44,18.44,110314,281001,11,8.871977694,154.728321
Kerala,2023,Per Capita Net State Domestic Product at Factor Cost-(PER_CAP_NET_SDP_RN),All India,All States,Southern Region,Current Price,Base Year : 2011-12,Indian rupee,252662,22382,22382,9.72,9.72,110314,281001,11,8.871977694,154.728321
Kerala,2024,Per Capita Net State Domestic Product at Factor Cost-(PER_CAP_NET_SDP_RN),All India,All States,Southern Region,Current Price,Base Year : 2011-12,Indian rupee,281001,28339,28339,11.22,11.22,110314,281001,11,8.871977694,154.728321
All India,2013,Per Capita Net State Domestic Product at Factor Cost-(PER_CAP_NET_SDP_RN),NA,NA,NA,Current Price,Base Year : 2011-12,Indian rupee,70983,7521,7521,11.85,11.85,70983,184205,11,9.056042359,159.5057972
All India,2014,Per Capita Net State Domestic Product at Factor Cost-(PER_CAP_NET_SDP_RN),NA,NA,NA,Current Price,Base Year : 2011-12,Indian rupee,79118,8135,8135,11.46,11.46,70983,184205,11,9.056042359,159.5057972
All India,2015,Per Capita Net State Domestic Product at Factor Cost-(PER_CAP_NET_SDP_RN),NA,NA,NA,Current Price,Base Year : 2011-12,Indian rupee,86647,7529,7529,9.52,9.52,70983,184205,11,9.056042359,159.5057972
All India,2016,Per Capita Net State Domestic Product at Factor Cost-(PER_CAP_NET_SDP_RN),NA,NA,NA,Current Price,Base Year : 2011-12,Indian rupee,94797,8150,8150,9.41,9.41,70983,184205,11,9.056042359,159.5057972
All India,2017,Per Capita Net State Domestic Product at Factor Cost-(PER_CAP_NET_SDP_RN),NA,NA,NA,Current Price,Base Year : 2011-12,Indian rupee,104880,10083,10083,10.64,10.64,70983,184205,11,9.056042359,159.5057972
All India,2018,Per Capita Net State Domestic Product at Factor Cost-(PER_CAP_NET_SDP_RN),NA,NA,NA,Current Price,Base Year : 2011-12,Indian rupee,115224,10344,10344,9.86,9.86,70983,184205,11,9.056042359,159.5057972
All India,2019,Per Capita Net State Domestic Product at Factor Cost-(PER_CAP_NET_SDP_RN),NA,NA,NA,Current Price,Base Year : 2011-12,Indian rupee,125946,10722,10722,9.31,9.31,70983,184205,11,9.056042359,159.5057972
All India,2020,Per Capita Net State Domestic Product at Factor Cost-(PER_CAP_NET_SDP_RN),NA,NA,NA,Current Price,Base Year : 2011-12,Indian rupee,132341,6395,6395,5.08,5.08,70983,184205,11,9.056042359,159.5057972
All India,2021,Per Capita Net State Domestic Product at Factor Cost-(PER_CAP_NET_SDP_RN),NA,NA,NA,Current Price,Base Year : 2011-12,Indian rupee,127244,-5097,-5097,-3.85,-3.85,70983,184205,11,9.056042359,159.5057972
All India,2022,Per Capita Net State Domestic Product at Factor Cost-(PER_CAP_NET_SDP_RN),NA,NA,NA,Current Price,Base Year : 2011-12,Indian rupee,150906,23662,23662,18.6,18.6,70983,184205,11,9.056042359,159.5057972
All India,2023,Per Capita Net State Domestic Product at Factor Cost-(PER_CAP_NET_SDP_RN),NA,NA,NA,Current Price,Base Year : 2011-12,Indian rupee,169496,18590,18590,12.32,12.32,70983,184205,11,9.056042359,159.5057972
All India,2024,Per Capita Net State Domestic Product at Factor Cost-(PER_CAP_NET_SDP_RN),NA,NA,NA,Current Price,Base Year : 2011-12,Indian rupee,184205,14709,14709,8.68,8.68,70983,184205,11,9.056042359,159.5057972
Uttar Pradesh,2013,Per Capita Net State Domestic Product at Factor Cost-(PER_CAP_NET_SDP_RN),All India,All States,Central Region,Current Price,Base Year : 2011-12,Indian rupee,35812,3810,3810,11.91,11.91,35812,93514,11,9.117718779,161.1247626
Uttar Pradesh,2014,Per Capita Net State Domestic Product at Factor Cost-(PER_CAP_NET_SDP_RN),All India,All States,Central Region,Current Price,Base Year : 2011-12,Indian rupee,40124,4312,4312,12.04,12.04,35812,93514,11,9.117718779,161.1247626
Uttar Pradesh,2015,Per Capita Net State Domestic Product at Factor Cost-(PER_CAP_NET_SDP_RN),All India,All States,Central Region,Current Price,Base Year : 2011-12,Indian rupee,42267,2143,2143,5.34,5.34,35812,93514,11,9.117718779,161.1247626
Uttar Pradesh,2016,Per Capita Net State Domestic Product at Factor Cost-(PER_CAP_NET_SDP_RN),All India,All States,Central Region,Current Price,Base Year : 2011-12,Indian rupee,47118,4851,4851,11.48,11.48,35812,93514,11,9.117718779,161.1247626
Uttar Pradesh,2017,Per Capita Net State Domestic Product at Factor Cost-(PER_CAP_NET_SDP_RN),All India,All States,Central Region,Current Price,Base Year : 2011-12,Indian rupee,52671,5553,5553,11.79,11.79,35812,93514,11,9.117718779,161.1247626
Uttar Pradesh,2018,Per Capita Net State Domestic Product at Factor Cost-(PER_CAP_NET_SDP_RN),All India,All States,Central Region,Current Price,Base Year : 2011-12,Indian rupee,57944,5273,5273,10.01,10.01,35812,93514,11,9.117718779,161.1247626
Uttar Pradesh,2019,Per Capita Net State Domestic Product at Factor Cost-(PER_CAP_NET_SDP_RN),All India,All States,Central Region,Current Price,Base Year : 2011-12,Indian rupee,62350,4406,4406,7.6,7.6,35812,93514,11,9.117718779,161.1247626
Uttar Pradesh,2020,Per Capita Net State Domestic Product at Factor Cost-(PER_CAP_NET_SDP_RN),All India,All States,Central Region,Current Price,Base Year : 2011-12,Indian rupee,65660,3310,3310,5.31,5.31,35812,93514,11,9.117718779,161.1247626
Uttar Pradesh,2021,Per Capita Net State Domestic Product at Factor Cost-(PER_CAP_NET_SDP_RN),All India,All States,Central Region,Current Price,Base Year : 2011-12,Indian rupee,61809,-3851,-3851,-5.87,-5.87,35812,93514,11,9.117718779,161.1247626
Uttar Pradesh,2022,Per Capita Net State Domestic Product at Factor Cost-(PER_CAP_NET_SDP_RN),All India,All States,Central Region,Current Price,Base Year : 2011-12,Indian rupee,73841,12032,12032,19.47,19.47,35812,93514,11,9.117718779,161.1247626
Uttar Pradesh,2023,Per Capita Net State Domestic Product at Factor Cost-(PER_CAP_NET_SDP_RN),All India,All States,Central Region,Current Price,Base Year : 2011-12,Indian rupee,83636,9795,9795,13.26,13.26,35812,93514,11,9.117718779,161.1247626
Uttar Pradesh,2024,Per Capita Net State Domestic Product at Factor Cost-(PER_CAP_NET_SDP_RN),All India,All States,Central Region,Current Price,Base Year : 2011-12,Indian rupee,93514,9878,9878,11.81,11.81,35812,93514,11,9.117718779,161.1247626
Andaman and Nicobar,2013,Per Capita Net State Domestic Product at Factor Cost-(PER_CAP_NET_SDP_RN),NA,All India,Union Territories,Current Price,Base Year : 2011-12,Indian rupee,98777,9677,9677,10.86,10.86,98777,258151,11,9.126168547,161.3472772
Andaman and Nicobar,2014,Per Capita Net State Domestic Product at Factor Cost-(PER_CAP_NET_SDP_RN),NA,All India,Union Territories,Current Price,Base Year : 2011-12,Indian rupee,111087,12310,12310,12.46,12.46,98777,258151,11,9.126168547,161.3472772
Andaman and Nicobar,2015,Per Capita Net State Domestic Product at Factor Cost-(PER_CAP_NET_SDP_RN),NA,All India,Union Territories,Current Price,Base Year : 2011-12,Indian rupee,126344,15257,15257,13.73,13.73,98777,258151,11,9.126168547,161.3472772
Andaman and Nicobar,2016,Per Capita Net State Domestic Product at Factor Cost-(PER_CAP_NET_SDP_RN),NA,All India,Union Territories,Current Price,Base Year : 2011-12,Indian rupee,137064,10720,10720,8.48,8.48,98777,258151,11,9.126168547,161.3472772
Andaman and Nicobar,2017,Per Capita Net State Domestic Product at Factor Cost-(PER_CAP_NET_SDP_RN),NA,All India,Union Territories,Current Price,Base Year : 2011-12,Indian rupee,153904,16840,16840,12.29,12.29,98777,258151,11,9.126168547,161.3472772
Andaman and Nicobar,2018,Per Capita Net State Domestic Product at Factor Cost-(PER_CAP_NET_SDP_RN),NA,All India,Union Territories,Current Price,Base Year : 2011-12,Indian rupee,178709,24805,24805,16.12,16.12,98777,258151,11,9.126168547,161.3472772
Andaman and Nicobar,2019,Per Capita Net State Domestic Product at Factor Cost-(PER_CAP_NET_SDP_RN),NA,All India,Union Territories,Current Price,Base Year : 2011-12,Indian rupee,204254,25545,25545,14.29,14.29,98777,258151,11,9.126168547,161.3472772
Andaman and Nicobar,2020,Per Capita Net State Domestic Product at Factor Cost-(PER_CAP_NET_SDP_RN),NA,All India,Union Territories,Current Price,Base Year : 2011-12,Indian rupee,219653,15399,15399,7.54,7.54,98777,258151,11,9.126168547,161.3472772
Andaman and Nicobar,2021,Per Capita Net State Domestic Product at Factor Cost-(PER_CAP_NET_SDP_RN),NA,All India,Union Territories,Current Price,Base Year : 2011-12,Indian rupee,205368,-14285,-14285,-6.5,-6.5,98777,258151,11,9.126168547,161.3472772
Andaman and Nicobar,2022,Per Capita Net State Domestic Product at Factor Cost-(PER_CAP_NET_SDP_RN),NA,All India,Union Territories,Current Price,Base Year : 2011-12,Indian rupee,229570,24202,24202,11.78,11.78,98777,258151,11,9.126168547,161.3472772
Andaman and Nicobar,2023,Per Capita Net State Domestic Product at Factor Cost-(PER_CAP_NET_SDP_RN),NA,All India,Union Territories,Current Price,Base Year : 2011-12,Indian rupee,258151,28581,28581,12.45,12.45,98777,258151,11,9.126168547,161.3472772
Andaman and Nicobar,2024,Per Capita Net State Domestic Product at Factor Cost-(PER_CAP_NET_SDP_RN),NA,All India,Union Territories,Current Price,Base Year : 2011-12,Indian rupee,258151,28581,28581,12.45,12.45,98777,258151,11,9.126168547,161.3472772
Rajasthan,2013,Per Capita Net State Domestic Product at Factor Cost-(PER_CAP_NET_SDP_RN),All India,All States,Northern Region,Current Price,Base Year : 2011-12,Indian rupee,63658,6466,6466,11.31,11.31,63658,167964,11,9.220899065,163.8537183
Rajasthan,2014,Per Capita Net State Domestic Product at Factor Cost-(PER_CAP_NET_SDP_RN),All India,All States,Northern Region,Current Price,Base Year : 2011-12,Indian rupee,69480,5822,5822,9.15,9.15,63658,167964,11,9.220899065,163.8537183
Rajasthan,2015,Per Capita Net State Domestic Product at Factor Cost-(PER_CAP_NET_SDP_RN),All India,All States,Northern Region,Current Price,Base Year : 2011-12,Indian rupee,76429,6949,6949,10,10,63658,167964,11,9.220899065,163.8537183
Rajasthan,2016,Per Capita Net State Domestic Product at Factor Cost-(PER_CAP_NET_SDP_RN),All India,All States,Northern Region,Current Price,Base Year : 2011-12,Indian rupee,83426,6997,6997,9.15,9.15,63658,167964,11,9.220899065,163.8537183
Rajasthan,2017,Per Capita Net State Domestic Product at Factor Cost-(PER_CAP_NET_SDP_RN),All India,All States,Northern Region,Current Price,Base Year : 2011-12,Indian rupee,91924,8498,8498,10.19,10.19,63658,167964,11,9.220899065,163.8537183
Rajasthan,2018,Per Capita Net State Domestic Product at Factor Cost-(PER_CAP_NET_SDP_RN),All India,All States,Northern Region,Current Price,Base Year : 2011-12,Indian rupee,98698,6774,6774,7.37,7.37,63658,167964,11,9.220899065,163.8537183
Rajasthan,2019,Per Capita Net State Domestic Product at Factor Cost-(PER_CAP_NET_SDP_RN),All India,All States,Northern Region,Current Price,Base Year : 2011-12,Indian rupee,106604,7906,7906,8.01,8.01,63658,167964,11,9.220899065,163.8537183
Rajasthan,2020,Per Capita Net State Domestic Product at Factor Cost-(PER_CAP_NET_SDP_RN),All India,All States,Northern Region,Current Price,Base Year : 2011-12,Indian rupee,115534,8930,8930,8.38,8.38,63658,167964,11,9.220899065,163.8537183
Rajasthan,2021,Per Capita Net State Domestic Product at Factor Cost-(PER_CAP_NET_SDP_RN),All India,All States,Northern Region,Current Price,Base Year : 2011-12,Indian rupee,114925,-609,-609,-0.53,-0.53,63658,167964,11,9.220899065,163.8537183
Rajasthan,2022,Per Capita Net State Domestic Product at Factor Cost-(PER_CAP_NET_SDP_RN),All India,All States,Northern Region,Current Price,Base Year : 2011-12,Indian rupee,134060,19135,19135,16.65,16.65,63658,167964,11,9.220899065,163.8537183
Rajasthan,2023,Per Capita Net State Domestic Product at Factor Cost-(PER_CAP_NET_SDP_RN),All India,All States,Northern Region,Current Price,Base Year : 2011-12,Indian rupee,150653,16593,16593,12.38,12.38,63658,167964,11,9.220899065,163.8537183
Rajasthan,2024,Per Capita Net State Domestic Product at Factor Cost-(PER_CAP_NET_SDP_RN),All India,All States,Northern Region,Current Price,Base Year : 2011-12,Indian rupee,167964,17311,17311,11.49,11.49,63658,167964,11,9.220899065,163.8537183
West Bengal,2013,Per Capita Net State Domestic Product at Factor Cost-(PER_CAP_NET_SDP_RN),All India,All States,Eastern Region,Current Price,Base Year : 2011-12,Indian rupee,58195,6652,6652,12.91,12.91,58195,154119,11,9.257652367,164.8320302
West Bengal,2014,Per Capita Net State Domestic Product at Factor Cost-(PER_CAP_NET_SDP_RN),All India,All States,Eastern Region,Current Price,Base Year : 2011-12,Indian rupee,65932,7737,7737,13.29,13.29,58195,154119,11,9.257652367,164.8320302
West Bengal,2015,Per Capita Net State Domestic Product at Factor Cost-(PER_CAP_NET_SDP_RN),All India,All States,Eastern Region,Current Price,Base Year : 2011-12,Indian rupee,68876,2944,2944,4.47,4.47,58195,154119,11,9.257652367,164.8320302
West Bengal,2016,Per Capita Net State Domestic Product at Factor Cost-(PER_CAP_NET_SDP_RN),All India,All States,Eastern Region,Current Price,Base Year : 2011-12,Indian rupee,75992,7116,7116,10.33,10.33,58195,154119,11,9.257652367,164.8320302
West Bengal,2017,Per Capita Net State Domestic Product at Factor Cost-(PER_CAP_NET_SDP_RN),All India,All States,Eastern Region,Current Price,Base Year : 2011-12,Indian rupee,82291,6299,6299,8.29,8.29,58195,154119,11,9.257652367,164.8320302
West Bengal,2018,Per Capita Net State Domestic Product at Factor Cost-(PER_CAP_NET_SDP_RN),All India,All States,Eastern Region,Current Price,Base Year : 2011-12,Indian rupee,91401,9110,9110,11.07,11.07,58195,154119,11,9.257652367,164.8320302
West Bengal,2019,Per Capita Net State Domestic Product at Factor Cost-(PER_CAP_NET_SDP_RN),All India,All States,Eastern Region,Current Price,Base Year : 2011-12,Indian rupee,103920,12519,12519,13.7,13.7,58195,154119,11,9.257652367,164.8320302
West Bengal,2020,Per Capita Net State Domestic Product at Factor Cost-(PER_CAP_NET_SDP_RN),All India,All States,Eastern Region,Current Price,Base Year : 2011-12,Indian rupee,110316,6396,6396,6.15,6.15,58195,154119,11,9.257652367,164.8320302
West Bengal,2021,Per Capita Net State Domestic Product at Factor Cost-(PER_CAP_NET_SDP_RN),All India,All States,Eastern Region,Current Price,Base Year : 2011-12,Indian rupee,105109,-5207,-5207,-4.72,-4.72,58195,154119,11,9.257652367,164.8320302
West Bengal,2022,Per Capita Net State Domestic Product at Factor Cost-(PER_CAP_NET_SDP_RN),All India,All States,Eastern Region,Current Price,Base Year : 2011-12,Indian rupee,121904,16795,16795,15.98,15.98,58195,154119,11,9.257652367,164.8320302
West Bengal,2023,Per Capita Net State Domestic Product at Factor Cost-(PER_CAP_NET_SDP_RN),All India,All States,Eastern Region,Current Price,Base Year : 2011-12,Indian rupee,139442,17538,17538,14.39,14.39,58195,154119,11,9.257652367,164.8320302
West Bengal,2024,Per Capita Net State Domestic Product at Factor Cost-(PER_CAP_NET_SDP_RN),All India,All States,Eastern Region,Current Price,Base Year : 2011-12,Indian rupee,154119,14677,14677,10.53,10.53,58195,154119,11,9.257652367,164.8320302
Gujarat,2013,Per Capita Net State Domestic Product at Factor Cost-(PER_CAP_NET_SDP_RN),All India,All States,Western Region,Current Price,Base Year : 2011-12,Indian rupee,102826,15345,15345,17.54,17.54,102826,272451,11,9.262568587,164.9631416
Gujarat,2014,Per Capita Net State Domestic Product at Factor Cost-(PER_CAP_NET_SDP_RN),All India,All States,Western Region,Current Price,Base Year : 2011-12,Indian rupee,113139,10313,10313,10.03,10.03,102826,272451,11,9.262568587,164.9631416
Gujarat,2015,Per Capita Net State Domestic Product at Factor Cost-(PER_CAP_NET_SDP_RN),All India,All States,Western Region,Current Price,Base Year : 2011-12,Indian rupee,127017,13878,13878,12.27,12.27,102826,272451,11,9.262568587,164.9631416
Gujarat,2016,Per Capita Net State Domestic Product at Factor Cost-(PER_CAP_NET_SDP_RN),All India,All States,Western Region,Current Price,Base Year : 2011-12,Indian rupee,139254,12237,12237,9.63,9.63,102826,272451,11,9.262568587,164.9631416
Gujarat,2017,Per Capita Net State Domestic Product at Factor Cost-(PER_CAP_NET_SDP_RN),All India,All States,Western Region,Current Price,Base Year : 2011-12,Indian rupee,156295,17041,17041,12.24,12.24,102826,272451,11,9.262568587,164.9631416
Gujarat,2018,Per Capita Net State Domestic Product at Factor Cost-(PER_CAP_NET_SDP_RN),All India,All States,Western Region,Current Price,Base Year : 2011-12,Indian rupee,176961,20666,20666,13.22,13.22,102826,272451,11,9.262568587,164.9631416
Gujarat,2019,Per Capita Net State Domestic Product at Factor Cost-(PER_CAP_NET_SDP_RN),All India,All States,Western Region,Current Price,Base Year : 2011-12,Indian rupee,197457,20496,20496,11.58,11.58,102826,272451,11,9.262568587,164.9631416
Gujarat,2020,Per Capita Net State Domestic Product at Factor Cost-(PER_CAP_NET_SDP_RN),All India,All States,Western Region,Current Price,Base Year : 2011-12,Indian rupee,212428,14971,14971,7.58,7.58,102826,272451,11,9.262568587,164.9631416
Gujarat,2021,Per Capita Net State Domestic Product at Factor Cost-(PER_CAP_NET_SDP_RN),All India,All States,Western Region,Current Price,Base Year : 2011-12,Indian rupee,207324,-5104,-5104,-2.4,-2.4,102826,272451,11,9.262568587,164.9631416
Gujarat,2022,Per Capita Net State Domestic Product at Factor Cost-(PER_CAP_NET_SDP_RN),All India,All States,Western Region,Current Price,Base Year : 2011-12,Indian rupee,241584,34260,34260,16.52,16.52,102826,272451,11,9.262568587,164.9631416
Gujarat,2023,Per Capita Net State Domestic Product at Factor Cost-(PER_CAP_NET_SDP_RN),All India,All States,Western Region,Current Price,Base Year : 2011-12,Indian rupee,272451,30867,30867,12.78,12.78,102826,272451,11,9.262568587,164.9631416
Gujarat,2024,Per Capita Net State Domestic Product at Factor Cost-(PER_CAP_NET_SDP_RN),All India,All States,Western Region,Current Price,Base Year : 2011-12,Indian rupee,272451,30867,30867,12.78,12.78,102826,272451,11,9.262568587,164.9631416
Haryana,2013,Per Capita Net State Domestic Product at Factor Cost-(PER_CAP_NET_SDP_RN),All India,All States,Northern Region,Current Price,Base Year : 2011-12,Indian rupee,121269,15184,15184,14.31,14.31,121269,325759,11,9.398994336,168.6251227
Haryana,2014,Per Capita Net State Domestic Product at Factor Cost-(PER_CAP_NET_SDP_RN),All India,All States,Northern Region,Current Price,Base Year : 2011-12,Indian rupee,137770,16501,16501,13.61,13.61,121269,325759,11,9.398994336,168.6251227
Haryana,2015,Per Capita Net State Domestic Product at Factor Cost-(PER_CAP_NET_SDP_RN),All India,All States,Northern Region,Current Price,Base Year : 2011-12,Indian rupee,147382,9612,9612,6.98,6.98,121269,325759,11,9.398994336,168.6251227
Haryana,2016,Per Capita Net State Domestic Product at Factor Cost-(PER_CAP_NET_SDP_RN),All India,All States,Northern Region,Current Price,Base Year : 2011-12,Indian rupee,164963,17581,17581,11.93,11.93,121269,325759,11,9.398994336,168.6251227
Haryana,2017,Per Capita Net State Domestic Product at Factor Cost-(PER_CAP_NET_SDP_RN),All India,All States,Northern Region,Current Price,Base Year : 2011-12,Indian rupee,184982,20019,20019,12.14,12.14,121269,325759,11,9.398994336,168.6251227
Haryana,2018,Per Capita Net State Domestic Product at Factor Cost-(PER_CAP_NET_SDP_RN),All India,All States,Northern Region,Current Price,Base Year : 2011-12,Indian rupee,208437,23455,23455,12.68,12.68,121269,325759,11,9.398994336,168.6251227
Haryana,2019,Per Capita Net State Domestic Product at Factor Cost-(PER_CAP_NET_SDP_RN),All India,All States,Northern Region,Current Price,Base Year : 2011-12,Indian rupee,223022,14585,14585,7,7,121269,325759,11,9.398994336,168.6251227
Haryana,2020,Per Capita Net State Domestic Product at Factor Cost-(PER_CAP_NET_SDP_RN),All India,All States,Northern Region,Current Price,Base Year : 2011-12,Indian rupee,232530,9508,9508,4.26,4.26,121269,325759,11,9.398994336,168.6251227
Haryana,2021,Per Capita Net State Domestic Product at Factor Cost-(PER_CAP_NET_SDP_RN),All India,All States,Northern Region,Current Price,Base Year : 2011-12,Indian rupee,224587,-7943,-7943,-3.42,-3.42,121269,325759,11,9.398994336,168.6251227
Haryana,2022,Per Capita Net State Domestic Product at Factor Cost-(PER_CAP_NET_SDP_RN),All India,All States,Northern Region,Current Price,Base Year : 2011-12,Indian rupee,264729,40142,40142,17.87,17.87,121269,325759,11,9.398994336,168.6251227
Haryana,2023,Per Capita Net State Domestic Product at Factor Cost-(PER_CAP_NET_SDP_RN),All India,All States,Northern Region,Current Price,Base Year : 2011-12,Indian rupee,296592,31863,31863,12.04,12.04,121269,325759,11,9.398994336,168.6251227
Haryana,2024,Per Capita Net State Domestic Product at Factor Cost-(PER_CAP_NET_SDP_RN),All India,All States,Northern Region,Current Price,Base Year : 2011-12,Indian rupee,325759,29167,29167,9.83,9.83,121269,325759,11,9.398994336,168.6251227
Manipur,2013,Per Capita Net State Domestic Product at Factor Cost-(PER_CAP_NET_SDP_RN),All India,All States,North Eastern Region,Current Price,Base Year : 2011-12,Indian rupee,41230,1468,1468,3.69,3.69,41230,111853,11,9.497226366,171.2903226
Manipur,2014,Per Capita Net State Domestic Product at Factor Cost-(PER_CAP_NET_SDP_RN),All India,All States,North Eastern Region,Current Price,Base Year : 2011-12,Indian rupee,47798,6568,6568,15.93,15.93,41230,111853,11,9.497226366,171.2903226
Manipur,2015,Per Capita Net State Domestic Product at Factor Cost-(PER_CAP_NET_SDP_RN),All India,All States,North Eastern Region,Current Price,Base Year : 2011-12,Indian rupee,52717,4919,4919,10.29,10.29,41230,111853,11,9.497226366,171.2903226
Manipur,2016,Per Capita Net State Domestic Product at Factor Cost-(PER_CAP_NET_SDP_RN),All India,All States,North Eastern Region,Current Price,Base Year : 2011-12,Indian rupee,55447,2730,2730,5.18,5.18,41230,111853,11,9.497226366,171.2903226
Manipur,2017,Per Capita Net State Domestic Product at Factor Cost-(PER_CAP_NET_SDP_RN),All India,All States,North Eastern Region,Current Price,Base Year : 2011-12,Indian rupee,59345,3898,3898,7.03,7.03,41230,111853,11,9.497226366,171.2903226
Manipur,2018,Per Capita Net State Domestic Product at Factor Cost-(PER_CAP_NET_SDP_RN),All India,All States,North Eastern Region,Current Price,Base Year : 2011-12,Indian rupee,71507,12162,12162,20.49,20.49,41230,111853,11,9.497226366,171.2903226
Manipur,2019,Per Capita Net State Domestic Product at Factor Cost-(PER_CAP_NET_SDP_RN),All India,All States,North Eastern Region,Current Price,Base Year : 2011-12,Indian rupee,73795,2288,2288,3.2,3.2,41230,111853,11,9.497226366,171.2903226
Manipur,2020,Per Capita Net State Domestic Product at Factor Cost-(PER_CAP_NET_SDP_RN),All India,All States,North Eastern Region,Current Price,Base Year : 2011-12,Indian rupee,78574,4779,4779,6.48,6.48,41230,111853,11,9.497226366,171.2903226
Manipur,2021,Per Capita Net State Domestic Product at Factor Cost-(PER_CAP_NET_SDP_RN),All India,All States,North Eastern Region,Current Price,Base Year : 2011-12,Indian rupee,75784,-2790,-2790,-3.55,-3.55,41230,111853,11,9.497226366,171.2903226
Manipur,2022,Per Capita Net State Domestic Product at Factor Cost-(PER_CAP_NET_SDP_RN),All India,All States,North Eastern Region,Current Price,Base Year : 2011-12,Indian rupee,98826,23042,23042,30.4,30.4,41230,111853,11,9.497226366,171.2903226
Manipur,2023,Per Capita Net State Domestic Product at Factor Cost-(PER_CAP_NET_SDP_RN),All India,All States,North Eastern Region,Current Price,Base Year : 2011-12,Indian rupee,111853,13027,13027,13.18,13.18,41230,111853,11,9.497226366,171.2903226
Manipur,2024,Per Capita Net State Domestic Product at Factor Cost-(PER_CAP_NET_SDP_RN),All India,All States,North Eastern Region,Current Price,Base Year : 2011-12,Indian rupee,111853,13027,13027,13.18,13.18,41230,111853,11,9.497226366,171.2903226
Odisha,2013,Per Capita Net State Domestic Product at Factor Cost-(PER_CAP_NET_SDP_RN),All India,All States,Eastern Region,Current Price,Base Year : 2011-12,Indian rupee,54762,6375,6375,13.18,13.18,54762,163101,11,10.43045143,197.8360907
Odisha,2014,Per Capita Net State Domestic Product at Factor Cost-(PER_CAP_NET_SDP_RN),All India,All States,Eastern Region,Current Price,Base Year : 2011-12,Indian rupee,60687,5925,5925,10.82,10.82,54762,163101,11,10.43045143,197.8360907
Odisha,2015,Per Capita Net State Domestic Product at Factor Cost-(PER_CAP_NET_SDP_RN),All India,All States,Eastern Region,Current Price,Base Year : 2011-12,Indian rupee,63345,2658,2658,4.38,4.38,54762,163101,11,10.43045143,197.8360907
Odisha,2016,Per Capita Net State Domestic Product at Factor Cost-(PER_CAP_NET_SDP_RN),All India,All States,Eastern Region,Current Price,Base Year : 2011-12,Indian rupee,64835,1490,1490,2.35,2.35,54762,163101,11,10.43045143,197.8360907
Odisha,2017,Per Capita Net State Domestic Product at Factor Cost-(PER_CAP_NET_SDP_RN),All India,All States,Eastern Region,Current Price,Base Year : 2011-12,Indian rupee,77507,12672,12672,19.54,19.54,54762,163101,11,10.43045143,197.8360907
Odisha,2018,Per Capita Net State Domestic Product at Factor Cost-(PER_CAP_NET_SDP_RN),All India,All States,Eastern Region,Current Price,Base Year : 2011-12,Indian rupee,87055,9548,9548,12.32,12.32,54762,163101,11,10.43045143,197.8360907
Odisha,2019,Per Capita Net State Domestic Product at Factor Cost-(PER_CAP_NET_SDP_RN),All India,All States,Eastern Region,Current Price,Base Year : 2011-12,Indian rupee,98005,10950,10950,12.58,12.58,54762,163101,11,10.43045143,197.8360907
Odisha,2020,Per Capita Net State Domestic Product at Factor Cost-(PER_CAP_NET_SDP_RN),All India,All States,Eastern Region,Current Price,Base Year : 2011-12,Indian rupee,104633,6628,6628,6.76,6.76,54762,163101,11,10.43045143,197.8360907
Odisha,2021,Per Capita Net State Domestic Product at Factor Cost-(PER_CAP_NET_SDP_RN),All India,All States,Eastern Region,Current Price,Base Year : 2011-12,Indian rupee,103211,-1422,-1422,-1.36,-1.36,54762,163101,11,10.43045143,197.8360907
Odisha,2022,Per Capita Net State Domestic Product at Factor Cost-(PER_CAP_NET_SDP_RN),All India,All States,Eastern Region,Current Price,Base Year : 2011-12,Indian rupee,134091,30880,30880,29.92,29.92,54762,163101,11,10.43045143,197.8360907
Odisha,2023,Per Capita Net State Domestic Product at Factor Cost-(PER_CAP_NET_SDP_RN),All India,All States,Eastern Region,Current Price,Base Year : 2011-12,Indian rupee,143768,9677,9677,7.22,7.22,54762,163101,11,10.43045143,197.8360907
Odisha,2024,Per Capita Net State Domestic Product at Factor Cost-(PER_CAP_NET_SDP_RN),All India,All States,Eastern Region,Current Price,Base Year : 2011-12,Indian rupee,163101,19333,19333,13.45,13.45,54762,163101,11,10.43045143,197.8360907
Tamil Nadu,2013,Per Capita Net State Domestic Product at Factor Cost-(PER_CAP_NET_SDP_RN),All India,All States,Southern Region,Current Price,Base Year : 2011-12,Indian rupee,105340,12228,12228,13.13,13.13,105340,315220,11,10.47769038,199.2405544
Tamil Nadu,2014,Per Capita Net State Domestic Product at Factor Cost-(PER_CAP_NET_SDP_RN),All India,All States,Southern Region,Current Price,Base Year : 2011-12,Indian rupee,116960,11620,11620,11.03,11.03,105340,315220,11,10.47769038,199.2405544
Tamil Nadu,2015,Per Capita Net State Domestic Product at Factor Cost-(PER_CAP_NET_SDP_RN),All India,All States,Southern Region,Current Price,Base Year : 2011-12,Indian rupee,129494,12534,12534,10.72,10.72,105340,315220,11,10.47769038,199.2405544
Tamil Nadu,2016,Per Capita Net State Domestic Product at Factor Cost-(PER_CAP_NET_SDP_RN),All India,All States,Southern Region,Current Price,Base Year : 2011-12,Indian rupee,142028,12534,12534,9.68,9.68,105340,315220,11,10.47769038,199.2405544
Tamil Nadu,2017,Per Capita Net State Domestic Product at Factor Cost-(PER_CAP_NET_SDP_RN),All India,All States,Southern Region,Current Price,Base Year : 2011-12,Indian rupee,156595,14567,14567,10.26,10.26,105340,315220,11,10.47769038,199.2405544
Tamil Nadu,2018,Per Capita Net State Domestic Product at Factor Cost-(PER_CAP_NET_SDP_RN),All India,All States,Southern Region,Current Price,Base Year : 2011-12,Indian rupee,175276,18681,18681,11.93,11.93,105340,315220,11,10.47769038,199.2405544
Tamil Nadu,2019,Per Capita Net State Domestic Product at Factor Cost-(PER_CAP_NET_SDP_RN),All India,All States,Southern Region,Current Price,Base Year : 2011-12,Indian rupee,194373,19097,19097,10.9,10.9,105340,315220,11,10.47769038,199.2405544
Tamil Nadu,2020,Per Capita Net State Domestic Product at Factor Cost-(PER_CAP_NET_SDP_RN),All India,All States,Southern Region,Current Price,Base Year : 2011-12,Indian rupee,206165,11792,11792,6.07,6.07,105340,315220,11,10.47769038,199.2405544
Tamil Nadu,2021,Per Capita Net State Domestic Product at Factor Cost-(PER_CAP_NET_SDP_RN),All India,All States,Southern Region,Current Price,Base Year : 2011-12,Indian rupee,209628,3463,3463,1.68,1.68,105340,315220,11,10.47769038,199.2405544
Tamil Nadu,2022,Per Capita Net State Domestic Product at Factor Cost-(PER_CAP_NET_SDP_RN),All India,All States,Southern Region,Current Price,Base Year : 2011-12,Indian rupee,242339,32711,32711,15.6,15.6,105340,315220,11,10.47769038,199.2405544
Tamil Nadu,2023,Per Capita Net State Domestic Product at Factor Cost-(PER_CAP_NET_SDP_RN),All India,All States,Southern Region,Current Price,Base Year : 2011-12,Indian rupee,277802,35463,35463,14.63,14.63,105340,315220,11,10.47769038,199.2405544
Tamil Nadu,2024,Per Capita Net State Domestic Product at Factor Cost-(PER_CAP_NET_SDP_RN),All India,All States,Southern Region,Current Price,Base Year : 2011-12,Indian rupee,315220,37418,37418,13.47,13.47,105340,315220,11,10.47769038,199.2405544
Assam,2013,Per Capita Net State Domestic Product at Factor Cost-(PER_CAP_NET_SDP_RN),All India,All States,North Eastern Region,Current Price,Base Year : 2011-12,Indian rupee,44599,3457,3457,8.4,8.4,44599,135787,11,10.65156278,204.4619835
Assam,2014,Per Capita Net State Domestic Product at Factor Cost-(PER_CAP_NET_SDP_RN),All India,All States,North Eastern Region,Current Price,Base Year : 2011-12,Indian rupee,49734,5135,5135,11.51,11.51,44599,135787,11,10.65156278,204.4619835
Assam,2015,Per Capita Net State Domestic Product at Factor Cost-(PER_CAP_NET_SDP_RN),All India,All States,North Eastern Region,Current Price,Base Year : 2011-12,Indian rupee,52895,3161,3161,6.36,6.36,44599,135787,11,10.65156278,204.4619835
Assam,2016,Per Capita Net State Domestic Product at Factor Cost-(PER_CAP_NET_SDP_RN),All India,All States,North Eastern Region,Current Price,Base Year : 2011-12,Indian rupee,60817,7922,7922,14.98,14.98,44599,135787,11,10.65156278,204.4619835
Assam,2017,Per Capita Net State Domestic Product at Factor Cost-(PER_CAP_NET_SDP_RN),All India,All States,North Eastern Region,Current Price,Base Year : 2011-12,Indian rupee,66330,5513,5513,9.06,9.06,44599,135787,11,10.65156278,204.4619835
Assam,2018,Per Capita Net State Domestic Product at Factor Cost-(PER_CAP_NET_SDP_RN),All India,All States,North Eastern Region,Current Price,Base Year : 2011-12,Indian rupee,75151,8821,8821,13.3,13.3,44599,135787,11,10.65156278,204.4619835
Assam,2019,Per Capita Net State Domestic Product at Factor Cost-(PER_CAP_NET_SDP_RN),All India,All States,North Eastern Region,Current Price,Base Year : 2011-12,Indian rupee,81034,5883,5883,7.83,7.83,44599,135787,11,10.65156278,204.4619835
Assam,2020,Per Capita Net State Domestic Product at Factor Cost-(PER_CAP_NET_SDP_RN),All India,All States,North Eastern Region,Current Price,Base Year : 2011-12,Indian rupee,90123,9089,9089,11.22,11.22,44599,135787,11,10.65156278,204.4619835
Assam,2021,Per Capita Net State Domestic Product at Factor Cost-(PER_CAP_NET_SDP_RN),All India,All States,North Eastern Region,Current Price,Base Year : 2011-12,Indian rupee,86947,-3176,-3176,-3.52,-3.52,44599,135787,11,10.65156278,204.4619835
Assam,2022,Per Capita Net State Domestic Product at Factor Cost-(PER_CAP_NET_SDP_RN),All India,All States,North Eastern Region,Current Price,Base Year : 2011-12,Indian rupee,103371,16424,16424,18.89,18.89,44599,135787,11,10.65156278,204.4619835
Assam,2023,Per Capita Net State Domestic Product at Factor Cost-(PER_CAP_NET_SDP_RN),All India,All States,North Eastern Region,Current Price,Base Year : 2011-12,Indian rupee,119308,15937,15937,15.42,15.42,44599,135787,11,10.65156278,204.4619835
Assam,2024,Per Capita Net State Domestic Product at Factor Cost-(PER_CAP_NET_SDP_RN),All India,All States,North Eastern Region,Current Price,Base Year : 2011-12,Indian rupee,135787,16479,16479,13.81,13.81,44599,135787,11,10.65156278,204.4619835
Madhya Pradesh,2013,Per Capita Net State Domestic Product at Factor Cost-(PER_CAP_NET_SDP_RN),All India,All States,Central Region,Current Price,Base Year : 2011-12,Indian rupee,44773,6276,6276,16.3,16.3,44773,142565,11,11.10330416,218.4173497
Madhya Pradesh,2014,Per Capita Net State Domestic Product at Factor Cost-(PER_CAP_NET_SDP_RN),All India,All States,Central Region,Current Price,Base Year : 2011-12,Indian rupee,51849,7076,7076,15.8,15.8,44773,142565,11,11.10330416,218.4173497
Madhya Pradesh,2015,Per Capita Net State Domestic Product at Factor Cost-(PER_CAP_NET_SDP_RN),All India,All States,Central Region,Current Price,Base Year : 2011-12,Indian rupee,55678,3829,3829,7.38,7.38,44773,142565,11,11.10330416,218.4173497
Madhya Pradesh,2016,Per Capita Net State Domestic Product at Factor Cost-(PER_CAP_NET_SDP_RN),All India,All States,Central Region,Current Price,Base Year : 2011-12,Indian rupee,62080,6402,6402,11.5,11.5,44773,142565,11,11.10330416,218.4173497
Madhya Pradesh,2017,Per Capita Net State Domestic Product at Factor Cost-(PER_CAP_NET_SDP_RN),All India,All States,Central Region,Current Price,Base Year : 2011-12,Indian rupee,74324,12244,12244,19.72,19.72,44773,142565,11,11.10330416,218.4173497
Madhya Pradesh,2018,Per Capita Net State Domestic Product at Factor Cost-(PER_CAP_NET_SDP_RN),All India,All States,Central Region,Current Price,Base Year : 2011-12,Indian rupee,81966,7642,7642,10.28,10.28,44773,142565,11,11.10330416,218.4173497
Madhya Pradesh,2019,Per Capita Net State Domestic Product at Factor Cost-(PER_CAP_NET_SDP_RN),All India,All States,Central Region,Current Price,Base Year : 2011-12,Indian rupee,92337,10371,10371,12.65,12.65,44773,142565,11,11.10330416,218.4173497
Madhya Pradesh,2020,Per Capita Net State Domestic Product at Factor Cost-(PER_CAP_NET_SDP_RN),All India,All States,Central Region,Current Price,Base Year : 2011-12,Indian rupee,101909,9572,9572,10.37,10.37,44773,142565,11,11.10330416,218.4173497
Madhya Pradesh,2021,Per Capita Net State Domestic Product at Factor Cost-(PER_CAP_NET_SDP_RN),All India,All States,Central Region,Current Price,Base Year : 2011-12,Indian rupee,102007,98,98,0.1,0.1,44773,142565,11,11.10330416,218.4173497
Madhya Pradesh,2022,Per Capita Net State Domestic Product at Factor Cost-(PER_CAP_NET_SDP_RN),All India,All States,Central Region,Current Price,Base Year : 2011-12,Indian rupee,116689,14682,14682,14.39,14.39,44773,142565,11,11.10330416,218.4173497
Madhya Pradesh,2023,Per Capita Net State Domestic Product at Factor Cost-(PER_CAP_NET_SDP_RN),All India,All States,Central Region,Current Price,Base Year : 2011-12,Indian rupee,132010,15321,15321,13.13,13.13,44773,142565,11,11.10330416,218.4173497
Madhya Pradesh,2024,Per Capita Net State Domestic Product at Factor Cost-(PER_CAP_NET_SDP_RN),All India,All States,Central Region,Current Price,Base Year : 2011-12,Indian rupee,142565,10555,10555,8,8,44773,142565,11,11.10330416,218.4173497
Andhra Pradesh,2013,Per Capita Net State Domestic Product at Factor Cost-(PER_CAP_NET_SDP_RN),All India,All States,Southern Region,Current Price,Base Year : 2011-12,Indian rupee,74687,5687,5687,8.24,8.24,74687,242479,11,11.29958785,224.6602488
Andhra Pradesh,2014,Per Capita Net State Domestic Product at Factor Cost-(PER_CAP_NET_SDP_RN),All India,All States,Southern Region,Current Price,Base Year : 2011-12,Indian rupee,82870,8183,8183,10.96,10.96,74687,242479,11,11.29958785,224.6602488
Andhra Pradesh,2015,Per Capita Net State Domestic Product at Factor Cost-(PER_CAP_NET_SDP_RN),All India,All States,Southern Region,Current Price,Base Year : 2011-12,Indian rupee,93903,11033,11033,13.31,13.31,74687,242479,11,11.29958785,224.6602488
Andhra Pradesh,2016,Per Capita Net State Domestic Product at Factor Cost-(PER_CAP_NET_SDP_RN),All India,All States,Southern Region,Current Price,Base Year : 2011-12,Indian rupee,108002,14099,14099,15.01,15.01,74687,242479,11,11.29958785,224.6602488
Andhra Pradesh,2017,Per Capita Net State Domestic Product at Factor Cost-(PER_CAP_NET_SDP_RN),All India,All States,Southern Region,Current Price,Base Year : 2011-12,Indian rupee,120676,12674,12674,11.73,11.73,74687,242479,11,11.29958785,224.6602488
Andhra Pradesh,2018,Per Capita Net State Domestic Product at Factor Cost-(PER_CAP_NET_SDP_RN),All India,All States,Southern Region,Current Price,Base Year : 2011-12,Indian rupee,138299,17623,17623,14.6,14.6,74687,242479,11,11.29958785,224.6602488
Andhra Pradesh,2019,Per Capita Net State Domestic Product at Factor Cost-(PER_CAP_NET_SDP_RN),All India,All States,Southern Region,Current Price,Base Year : 2011-12,Indian rupee,154031,15732,15732,11.38,11.38,74687,242479,11,11.29958785,224.6602488
Andhra Pradesh,2020,Per Capita Net State Domestic Product at Factor Cost-(PER_CAP_NET_SDP_RN),All India,All States,Southern Region,Current Price,Base Year : 2011-12,Indian rupee,160341,6310,6310,4.1,4.1,74687,242479,11,11.29958785,224.6602488
Andhra Pradesh,2021,Per Capita Net State Domestic Product at Factor Cost-(PER_CAP_NET_SDP_RN),All India,All States,Southern Region,Current Price,Base Year : 2011-12,Indian rupee,168063,7722,7722,4.82,4.82,74687,242479,11,11.29958785,224.6602488
Andhra Pradesh,2022,Per Capita Net State Domestic Product at Factor Cost-(PER_CAP_NET_SDP_RN),All India,All States,Southern Region,Current Price,Base Year : 2011-12,Indian rupee,197214,29151,29151,17.35,17.35,74687,242479,11,11.29958785,224.6602488
Andhra Pradesh,2023,Per Capita Net State Domestic Product at Factor Cost-(PER_CAP_NET_SDP_RN),All India,All States,Southern Region,Current Price,Base Year : 2011-12,Indian rupee,219881,22667,22667,11.49,11.49,74687,242479,11,11.29958785,224.6602488
Andhra Pradesh,2024,Per Capita Net State Domestic Product at Factor Cost-(PER_CAP_NET_SDP_RN),All India,All States,Southern Region,Current Price,Base Year : 2011-12,Indian rupee,242479,22598,22598,10.28,10.28,74687,242479,11,11.29958785,224.6602488
Karnataka,2013,Per Capita Net State Domestic Product at Factor Cost-(PER_CAP_NET_SDP_RN),All India,All States,Southern Region,Current Price,Base Year : 2011-12,Indian rupee,102319,12056,12056,13.36,13.36,102319,332926,11,11.32200987,225.3804279
Karnataka,2014,Per Capita Net State Domestic Product at Factor Cost-(PER_CAP_NET_SDP_RN),All India,All States,Southern Region,Current Price,Base Year : 2011-12,Indian rupee,118829,16510,16510,16.14,16.14,102319,332926,11,11.32200987,225.3804279
Karnataka,2015,Per Capita Net State Domestic Product at Factor Cost-(PER_CAP_NET_SDP_RN),All India,All States,Southern Region,Current Price,Base Year : 2011-12,Indian rupee,130024,11195,11195,9.42,9.42,102319,332926,11,11.32200987,225.3804279
Karnataka,2016,Per Capita Net State Domestic Product at Factor Cost-(PER_CAP_NET_SDP_RN),All India,All States,Southern Region,Current Price,Base Year : 2011-12,Indian rupee,148108,18084,18084,13.91,13.91,102319,332926,11,11.32200987,225.3804279
Karnataka,2017,Per Capita Net State Domestic Product at Factor Cost-(PER_CAP_NET_SDP_RN),All India,All States,Southern Region,Current Price,Base Year : 2011-12,Indian rupee,169898,21790,21790,14.71,14.71,102319,332926,11,11.32200987,225.3804279
Karnataka,2018,Per Capita Net State Domestic Product at Factor Cost-(PER_CAP_NET_SDP_RN),All India,All States,Southern Region,Current Price,Base Year : 2011-12,Indian rupee,185840,15942,15942,9.38,9.38,102319,332926,11,11.32200987,225.3804279
Karnataka,2019,Per Capita Net State Domestic Product at Factor Cost-(PER_CAP_NET_SDP_RN),All India,All States,Southern Region,Current Price,Base Year : 2011-12,Indian rupee,205245,19405,19405,10.44,10.44,102319,332926,11,11.32200987,225.3804279
Karnataka,2020,Per Capita Net State Domestic Product at Factor Cost-(PER_CAP_NET_SDP_RN),All India,All States,Southern Region,Current Price,Base Year : 2011-12,Indian rupee,222141,16896,16896,8.23,8.23,102319,332926,11,11.32200987,225.3804279
Karnataka,2021,Per Capita Net State Domestic Product at Factor Cost-(PER_CAP_NET_SDP_RN),All India,All States,Southern Region,Current Price,Base Year : 2011-12,Indian rupee,221781,-360,-360,-0.16,-0.16,102319,332926,11,11.32200987,225.3804279
Karnataka,2022,Per Capita Net State Domestic Product at Factor Cost-(PER_CAP_NET_SDP_RN),All India,All States,Southern Region,Current Price,Base Year : 2011-12,Indian rupee,266866,45085,45085,20.33,20.33,102319,332926,11,11.32200987,225.3804279
Karnataka,2023,Per Capita Net State Domestic Product at Factor Cost-(PER_CAP_NET_SDP_RN),All India,All States,Southern Region,Current Price,Base Year : 2011-12,Indian rupee,304474,37608,37608,14.09,14.09,102319,332926,11,11.32200987,225.3804279
Karnataka,2024,Per Capita Net State Domestic Product at Factor Cost-(PER_CAP_NET_SDP_RN),All India,All States,Southern Region,Current Price,Base Year : 2011-12,Indian rupee,332926,28452,28452,9.34,9.34,102319,332926,11,11.32200987,225.3804279
Mizoram,2013,Per Capita Net State Domestic Product at Factor Cost-(PER_CAP_NET_SDP_RN),All India,All States,North Eastern Region,Current Price,Base Year : 2011-12,Indian rupee,65013,7359,7359,12.76,12.76,65013,215144,11,11.49312641,230.9245843
Mizoram,2014,Per Capita Net State Domestic Product at Factor Cost-(PER_CAP_NET_SDP_RN),All India,All States,North Eastern Region,Current Price,Base Year : 2011-12,Indian rupee,77584,12571,12571,19.34,19.34,65013,215144,11,11.49312641,230.9245843
Mizoram,2015,Per Capita Net State Domestic Product at Factor Cost-(PER_CAP_NET_SDP_RN),All India,All States,North Eastern Region,Current Price,Base Year : 2011-12,Indian rupee,103049,25465,25465,32.82,32.82,65013,215144,11,11.49312641,230.9245843
Mizoram,2016,Per Capita Net State Domestic Product at Factor Cost-(PER_CAP_NET_SDP_RN),All India,All States,North Eastern Region,Current Price,Base Year : 2011-12,Indian rupee,114055,11006,11006,10.68,10.68,65013,215144,11,11.49312641,230.9245843
Mizoram,2017,Per Capita Net State Domestic Product at Factor Cost-(PER_CAP_NET_SDP_RN),All India,All States,North Eastern Region,Current Price,Base Year : 2011-12,Indian rupee,127107,13052,13052,11.44,11.44,65013,215144,11,11.49312641,230.9245843
Mizoram,2018,Per Capita Net State Domestic Product at Factor Cost-(PER_CAP_NET_SDP_RN),All India,All States,North Eastern Region,Current Price,Base Year : 2011-12,Indian rupee,155222,28115,28115,22.12,22.12,65013,215144,11,11.49312641,230.9245843
Mizoram,2019,Per Capita Net State Domestic Product at Factor Cost-(PER_CAP_NET_SDP_RN),All India,All States,North Eastern Region,Current Price,Base Year : 2011-12,Indian rupee,164708,9486,9486,6.11,6.11,65013,215144,11,11.49312641,230.9245843
Mizoram,2020,Per Capita Net State Domestic Product at Factor Cost-(PER_CAP_NET_SDP_RN),All India,All States,North Eastern Region,Current Price,Base Year : 2011-12,Indian rupee,195365,30657,30657,18.61,18.61,65013,215144,11,11.49312641,230.9245843
Mizoram,2021,Per Capita Net State Domestic Product at Factor Cost-(PER_CAP_NET_SDP_RN),All India,All States,North Eastern Region,Current Price,Base Year : 2011-12,Indian rupee,173521,-21844,-21844,-11.18,-11.18,65013,215144,11,11.49312641,230.9245843
Mizoram,2022,Per Capita Net State Domestic Product at Factor Cost-(PER_CAP_NET_SDP_RN),All India,All States,North Eastern Region,Current Price,Base Year : 2011-12,Indian rupee,190965,17444,17444,10.05,10.05,65013,215144,11,11.49312641,230.9245843
Mizoram,2023,Per Capita Net State Domestic Product at Factor Cost-(PER_CAP_NET_SDP_RN),All India,All States,North Eastern Region,Current Price,Base Year : 2011-12,Indian rupee,215144,24179,24179,12.66,12.66,65013,215144,11,11.49312641,230.9245843
Mizoram,2024,Per Capita Net State Domestic Product at Factor Cost-(PER_CAP_NET_SDP_RN),All India,All States,North Eastern Region,Current Price,Base Year : 2011-12,Indian rupee,215144,24179,24179,12.66,12.66,65013,215144,11,11.49312641,230.9245843
Sikkim,2013,Per Capita Net State Domestic Product at Factor Cost-(PER_CAP_NET_SDP_RN),All India,All States,North Eastern Region,Current Price,Base Year : 2011-12,Indian rupee,174183,15516,15516,9.78,9.78,174183,587743,11,11.69057277,237.4284517
Sikkim,2014,Per Capita Net State Domestic Product at Factor Cost-(PER_CAP_NET_SDP_RN),All India,All States,North Eastern Region,Current Price,Base Year : 2011-12,Indian rupee,194624,20441,20441,11.74,11.74,174183,587743,11,11.69057277,237.4284517
Sikkim,2015,Per Capita Net State Domestic Product at Factor Cost-(PER_CAP_NET_SDP_RN),All India,All States,North Eastern Region,Current Price,Base Year : 2011-12,Indian rupee,214148,19524,19524,10.03,10.03,174183,587743,11,11.69057277,237.4284517
Sikkim,2016,Per Capita Net State Domestic Product at Factor Cost-(PER_CAP_NET_SDP_RN),All India,All States,North Eastern Region,Current Price,Base Year : 2011-12,Indian rupee,245987,31839,31839,14.87,14.87,174183,587743,11,11.69057277,237.4284517
Sikkim,2017,Per Capita Net State Domestic Product at Factor Cost-(PER_CAP_NET_SDP_RN),All India,All States,North Eastern Region,Current Price,Base Year : 2011-12,Indian rupee,280729,34742,34742,14.12,14.12,174183,587743,11,11.69057277,237.4284517
Sikkim,2018,Per Capita Net State Domestic Product at Factor Cost-(PER_CAP_NET_SDP_RN),All India,All States,North Eastern Region,Current Price,Base Year : 2011-12,Indian rupee,349163,68434,68434,24.38,24.38,174183,587743,11,11.69057277,237.4284517
Sikkim,2019,Per Capita Net State Domestic Product at Factor Cost-(PER_CAP_NET_SDP_RN),All India,All States,North Eastern Region,Current Price,Base Year : 2011-12,Indian rupee,375773,26610,26610,7.62,7.62,174183,587743,11,11.69057277,237.4284517
Sikkim,2020,Per Capita Net State Domestic Product at Factor Cost-(PER_CAP_NET_SDP_RN),All India,All States,North Eastern Region,Current Price,Base Year : 2011-12,Indian rupee,412627,36854,36854,9.81,9.81,174183,587743,11,11.69057277,237.4284517
Sikkim,2021,Per Capita Net State Domestic Product at Factor Cost-(PER_CAP_NET_SDP_RN),All India,All States,North Eastern Region,Current Price,Base Year : 2011-12,Indian rupee,415045,2418,2418,0.59,0.59,174183,587743,11,11.69057277,237.4284517
Sikkim,2022,Per Capita Net State Domestic Product at Factor Cost-(PER_CAP_NET_SDP_RN),All India,All States,North Eastern Region,Current Price,Base Year : 2011-12,Indian rupee,466518,51473,51473,12.4,12.4,174183,587743,11,11.69057277,237.4284517
Sikkim,2023,Per Capita Net State Domestic Product at Factor Cost-(PER_CAP_NET_SDP_RN),All India,All States,North Eastern Region,Current Price,Base Year : 2011-12,Indian rupee,520466,53948,53948,11.56,11.56,174183,587743,11,11.69057277,237.4284517
Sikkim,2024,Per Capita Net State Domestic Product at Factor Cost-(PER_CAP_NET_SDP_RN),All India,All States,North Eastern Region,Current Price,Base Year : 2011-12,Indian rupee,587743,67277,67277,12.93,12.93,174183,587743,11,11.69057277,237.4284517
Tripura,2013,Per Capita Net State Domestic Product at Factor Cost-(PER_CAP_NET_SDP_RN),All India,All States,North Eastern Region,Current Price,Base Year : 2011-12,Indian rupee,52574,5419,5419,11.49,11.49,52574,177723,11,11.7090657,238.0435196
Tripura,2014,Per Capita Net State Domestic Product at Factor Cost-(PER_CAP_NET_SDP_RN),All India,All States,North Eastern Region,Current Price,Base Year : 2011-12,Indian rupee,61815,9241,9241,17.58,17.58,52574,177723,11,11.7090657,238.0435196
Tripura,2015,Per Capita Net State Domestic Product at Factor Cost-(PER_CAP_NET_SDP_RN),All India,All States,North Eastern Region,Current Price,Base Year : 2011-12,Indian rupee,69857,8042,8042,13.01,13.01,52574,177723,11,11.7090657,238.0435196
Tripura,2016,Per Capita Net State Domestic Product at Factor Cost-(PER_CAP_NET_SDP_RN),All India,All States,North Eastern Region,Current Price,Base Year : 2011-12,Indian rupee,84267,14410,14410,20.63,20.63,52574,177723,11,11.7090657,238.0435196
Tripura,2017,Per Capita Net State Domestic Product at Factor Cost-(PER_CAP_NET_SDP_RN),All India,All States,North Eastern Region,Current Price,Base Year : 2011-12,Indian rupee,91596,7329,7329,8.7,8.7,52574,177723,11,11.7090657,238.0435196
Tripura,2018,Per Capita Net State Domestic Product at Factor Cost-(PER_CAP_NET_SDP_RN),All India,All States,North Eastern Region,Current Price,Base Year : 2011-12,Indian rupee,100444,8848,8848,9.66,9.66,52574,177723,11,11.7090657,238.0435196
Tripura,2019,Per Capita Net State Domestic Product at Factor Cost-(PER_CAP_NET_SDP_RN),All India,All States,North Eastern Region,Current Price,Base Year : 2011-12,Indian rupee,113016,12572,12572,12.52,12.52,52574,177723,11,11.7090657,238.0435196
Tripura,2020,Per Capita Net State Domestic Product at Factor Cost-(PER_CAP_NET_SDP_RN),All India,All States,North Eastern Region,Current Price,Base Year : 2011-12,Indian rupee,121456,8440,8440,7.47,7.47,52574,177723,11,11.7090657,238.0435196
Tripura,2021,Per Capita Net State Domestic Product at Factor Cost-(PER_CAP_NET_SDP_RN),All India,All States,North Eastern Region,Current Price,Base Year : 2011-12,Indian rupee,118401,-3055,-3055,-2.52,-2.52,52574,177723,11,11.7090657,238.0435196
Tripura,2022,Per Capita Net State Domestic Product at Factor Cost-(PER_CAP_NET_SDP_RN),All India,All States,North Eastern Region,Current Price,Base Year : 2011-12,Indian rupee,137032,18631,18631,15.74,15.74,52574,177723,11,11.7090657,238.0435196
Tripura,2023,Per Capita Net State Domestic Product at Factor Cost-(PER_CAP_NET_SDP_RN),All India,All States,North Eastern Region,Current Price,Base Year : 2011-12,Indian rupee,157364,20332,20332,14.84,14.84,52574,177723,11,11.7090657,238.0435196
Tripura,2024,Per Capita Net State Domestic Product at Factor Cost-(PER_CAP_NET_SDP_RN),All India,All States,North Eastern Region,Current Price,Base Year : 2011-12,Indian rupee,177723,20359,20359,12.94,12.94,52574,177723,11,11.7090657,238.0435196
Telangana,2013,Per Capita Net State Domestic Product at Factor Cost-(PER_CAP_NET_SDP_RN),All India,All States,Southern Region,Current Price,Base Year : 2011-12,Indian rupee,101007,9886,9886,10.85,10.85,101007,356564,11,12.14985829,253.0091974
Telangana,2014,Per Capita Net State Domestic Product at Factor Cost-(PER_CAP_NET_SDP_RN),All India,All States,Southern Region,Current Price,Base Year : 2011-12,Indian rupee,112162,11155,11155,11.04,11.04,101007,356564,11,12.14985829,253.0091974
Telangana,2015,Per Capita Net State Domestic Product at Factor Cost-(PER_CAP_NET_SDP_RN),All India,All States,Southern Region,Current Price,Base Year : 2011-12,Indian rupee,124104,11942,11942,10.65,10.65,101007,356564,11,12.14985829,253.0091974
Telangana,2016,Per Capita Net State Domestic Product at Factor Cost-(PER_CAP_NET_SDP_RN),All India,All States,Southern Region,Current Price,Base Year : 2011-12,Indian rupee,140840,16736,16736,13.49,13.49,101007,356564,11,12.14985829,253.0091974
Telangana,2017,Per Capita Net State Domestic Product at Factor Cost-(PER_CAP_NET_SDP_RN),All India,All States,Southern Region,Current Price,Base Year : 2011-12,Indian rupee,159395,18555,18555,13.17,13.17,101007,356564,11,12.14985829,253.0091974
Telangana,2018,Per Capita Net State Domestic Product at Factor Cost-(PER_CAP_NET_SDP_RN),All India,All States,Southern Region,Current Price,Base Year : 2011-12,Indian rupee,179358,19963,19963,12.52,12.52,101007,356564,11,12.14985829,253.0091974
Telangana,2019,Per Capita Net State Domestic Product at Factor Cost-(PER_CAP_NET_SDP_RN),All India,All States,Southern Region,Current Price,Base Year : 2011-12,Indian rupee,209848,30490,30490,17,17,101007,356564,11,12.14985829,253.0091974
Telangana,2020,Per Capita Net State Domestic Product at Factor Cost-(PER_CAP_NET_SDP_RN),All India,All States,Southern Region,Current Price,Base Year : 2011-12,Indian rupee,231326,21478,21478,10.24,10.24,101007,356564,11,12.14985829,253.0091974
Telangana,2021,Per Capita Net State Domestic Product at Factor Cost-(PER_CAP_NET_SDP_RN),All India,All States,Southern Region,Current Price,Base Year : 2011-12,Indian rupee,225734,-5592,-5592,-2.42,-2.42,101007,356564,11,12.14985829,253.0091974
Telangana,2022,Per Capita Net State Domestic Product at Factor Cost-(PER_CAP_NET_SDP_RN),All India,All States,Southern Region,Current Price,Base Year : 2011-12,Indian rupee,269000,43266,43266,19.17,19.17,101007,356564,11,12.14985829,253.0091974
Telangana,2023,Per Capita Net State Domestic Product at Factor Cost-(PER_CAP_NET_SDP_RN),All India,All States,Southern Region,Current Price,Base Year : 2011-12,Indian rupee,312522,43522,43522,16.18,16.18,101007,356564,11,12.14985829,253.0091974
Telangana,2024,Per Capita Net State Domestic Product at Factor Cost-(PER_CAP_NET_SDP_RN),All India,All States,Southern Region,Current Price,Base Year : 2011-12,Indian rupee,356564,44042,44042,14.09,14.09,101007,356564,11,12.14985829,253.0091974
